year,season,fishery,area,index
1972,1,33,1,0.0183661936600371
1972,2,33,1,0.0700610802214275
1976,4,33,1,0.0519814908372242
1977,1,33,1,0.0112712063552958
1977,2,33,1,0.0677678149952516
1977,3,33,1,0.152281428432396
1977,4,33,1,0.0569452194432625
1978,1,33,1,0.0193800905817174
1978,2,33,1,0.0777029683873489
1978,3,33,1,0.221832211940126
1978,4,33,1,0.0718537026668399
1979,1,33,1,0.0217252111865636
1979,2,33,1,0.0801819805738636
1979,3,33,1,0.20066331921706
1979,4,33,1,0.0754424047954762
1980,1,33,1,0.0119903103698434
1980,2,33,1,0.0640689110155195
1980,3,33,1,0.167132711460282
1980,4,33,1,0.0497640822153205
1981,1,33,1,0.00622251791247023
1981,2,33,1,0.0460900325546763
1981,3,33,1,0.119287860643228
1981,4,33,1,0.0245935558452819
1982,1,33,1,0.00934938450667418
1982,2,33,1,0.0662763525897898
1982,3,33,1,0.227416912238383
1982,4,33,1,0.102947881590118
1983,1,33,1,0.0120404926514791
1983,2,33,1,0.0487406324714172
1983,3,33,1,0.145518010953513
1983,4,33,1,0.0483318529494676
1984,1,33,1,0.0133826852423142
1984,2,33,1,0.0625315490096842
1984,3,33,1,0.18420059029423
1984,4,33,1,0.0467581018293482
1985,1,33,1,0.00777574746858033
1985,2,33,1,0.0510809925808344
1985,3,33,1,0.123808710747413
1985,4,33,1,0.0333254722867631
1986,1,33,1,0.0147414018417471
1986,2,33,1,0.0724166019209897
1986,3,33,1,0.193763912279571
1986,4,33,1,0.0563114283698259
1987,1,33,1,0.0122738043066651
1987,2,33,1,0.0536364291444553
1987,3,33,1,0.217132296974479
1987,4,33,1,0.0701121579051829
1988,1,33,1,0.0128961192199381
1988,2,33,1,0.0492033560296033
1988,3,33,1,0.175823486744061
1988,4,33,1,0.0424485324759402
1989,1,33,1,0.0102027907489662
1989,2,33,1,0.0421985446090062
1989,3,33,1,0.147510399242362
1989,4,33,1,0.0493542054595417
1990,1,33,1,0.00794764291639438
1990,2,33,1,0.0404149370092002
1990,3,33,1,0.185453919355839
1990,4,33,1,0.0634826048728865
1991,1,33,1,0.0129615410687017
1991,2,33,1,0.0374572861887013
1991,3,33,1,0.100263569248709
1991,4,33,1,0.0258063071629403
1992,1,33,1,0.00967824111453474
1992,2,33,1,0.0313337943310107
1992,3,33,1,0.105392955983909
1992,4,33,1,0.0280708011089818
1993,1,33,1,0.0147646122227818
1993,2,33,1,0.0510409044871304
1993,3,33,1,0.179784046245524
1993,4,33,1,0.0517468862510805
1994,1,33,1,0.0118408988437878
1994,2,33,1,0.04594761920939
1994,3,33,1,0.151428392411272
1994,4,33,1,0.0663839771327783
1995,1,33,1,0.00999996291780191
1995,2,33,1,0.0427930762457004
1995,3,33,1,0.235425252962388
1995,4,33,1,0.0709198172283884
1996,1,33,1,0.0107285361358963
1996,2,33,1,0.0381644614394092
1996,3,33,1,0.121948833635925
1996,4,33,1,0.0522324382521038
1997,1,33,1,0.0102310620611928
1997,2,33,1,0.0467677963201829
1997,3,33,1,0.155740398116225
1997,4,33,1,0.0672318705429714
1998,1,33,1,0.00802978018660647
1998,2,33,1,0.0382830346083697
1998,3,33,1,0.105397805265462
1998,4,33,1,0.0322678074333739
1999,1,33,1,0.00989836488942013
1999,2,33,1,0.0324956858257033
1999,3,33,1,0.0914053140974606
1999,4,33,1,0.0249846633411216
2000,1,33,1,0.015562406458081
2000,2,33,1,0.0463003437507076
2000,3,33,1,0.12718416178458
2000,4,33,1,0.0440952455596681
2001,1,33,1,0.00667583474777953
2001,2,33,1,0.022972815954997
2001,3,33,1,0.0642267420485966
2001,4,33,1,0.0231250891954308
2002,1,33,1,0.0050298285189633
2002,2,33,1,0.0199745039039226
2002,3,33,1,0.0831799408551962
1972,3,33,1,0.185080053349245
1972,4,33,1,0.0630783373978689
1973,1,33,1,0.0209739665805957
1973,2,33,1,0.0684564877520406
1973,3,33,1,0.191409263120894
1973,4,33,1,0.0511314301888499
1974,1,33,1,0.0155141372194585
1974,2,33,1,0.0884502605506632
1974,3,33,1,0.189899155240523
1974,4,33,1,0.0616848742512877
1975,1,33,1,0.0193893910313754
1975,2,33,1,0.0717053872541528
1975,3,33,1,0.168463256272
1975,4,33,1,0.0594124086015187
1976,1,33,1,0.0179522352462628
1976,2,33,1,0.0842689933733104
1976,3,33,1,0.181296547788097
2007,1,33,1,0.00827549739014317
2007,2,33,1,0.0193879164545138
2007,3,33,1,0.0719813732576757
2007,4,33,1,0.0238101624010185
2008,1,33,1,0.00645008300596249
2008,2,33,1,0.0211060896104978
2008,3,33,1,0.0564000164943007
2008,4,33,1,0.0185579110778544
2009,1,33,1,0.00346658659836213
2009,2,33,1,0.0149079074835566
2009,3,33,1,0.0455606827652291
2009,4,33,1,0.0144243762181365
2010,1,33,1,0.00406679593848512
2010,2,33,1,0.0190088344894694
2010,3,33,1,0.0728620883974676
2010,4,33,1,0.0218522163544424
2011,1,33,1,0.00468901719187438
2011,2,33,1,0.0198549709030432
2011,3,33,1,0.0556696416170621
2011,4,33,1,0.0180868396470525
2012,1,33,1,0.00392213297117621
2012,2,33,1,0.017310548468811
2012,3,33,1,0.061847394547259
2012,4,33,1,0.0181175308541512
2013,1,33,1,0.00727521570690286
2013,2,33,1,0.0239710625209886
2013,3,33,1,0.0612321545061134
2013,4,33,1,0.0223395626131705
2014,1,33,1,0.00328432846497875
2014,2,33,1,0.0125580989913626
2014,3,33,1,0.0468014146516871
2014,4,33,1,0.0110811991118809
2015,1,33,1,0.00402369929892408
2015,2,33,1,0.0147751630652114
2015,3,33,1,0.0380305446485252
2015,4,33,1,0.0123031548437166
2016,1,33,1,0.00350651722433248
2016,2,33,1,0.0127189347856225
2016,3,33,1,0.0351344902349237
2016,4,33,1,0.0104046481094441
2017,1,33,1,0.00433535282505825
2017,2,33,1,0.0162319601271613
2017,3,33,1,0.0452109669039089
2017,4,33,1,0.0133877619369865
2018,1,33,1,0.00312858177581922
2018,2,33,1,0.0188481047152426
2018,3,33,1,0.0547732761352101
2018,4,33,1,0.0183193740633429
2019,1,33,1,0.00352752557412558
2019,2,33,1,0.0160451145956049
2019,3,33,1,0.0589998520186012
2019,4,33,1,0.016273754592928
2020,1,33,1,0.00349062372543564
2020,2,33,1,0.014849381659097
2020,3,33,1,0.0371479278612898
2020,4,33,1,0.012098419071013
2021,1,33,1,0.0045992449854306
2021,2,33,1,0.0216641999939563
2021,3,33,1,0.0610680625287274
2021,4,33,1,0.0209644260351769
2022,1,33,1,0.00367180964863373
2022,2,33,1,0.013681743515667
2022,3,33,1,0.027822296658116
2022,4,33,1,0.0111119146567501
2023,1,33,1,0.00525335586044943
2023,2,33,1,0.0214733969431974
2023,3,33,1,0.0671795057967286
2023,4,33,1,0.0294727447420319
2003,4,33,1,0.0264099608631727
2004,1,33,1,0.00774049567929529
2004,2,33,1,0.0271566954709777
2004,3,33,1,0.0783131571493943
2004,4,33,1,0.0269700864317073
2005,1,33,1,0.00816200401163809
2005,2,33,1,0.0233241623504667
2005,3,33,1,0.07926910049174
2005,4,33,1,0.0201530589796072
2006,1,33,1,0.0055951125848666
2006,2,33,1,0.0185409250141578
2006,3,33,1,0.0672732645662362
2006,4,33,1,0.0269363511351078
2003,3,33,1,0.0761165022463905
2002,4,33,1,0.0210111310993312
2003,1,33,1,0.0089050474769694
2003,2,33,1,0.0290545522147453
1975,3,34,2,0.815657903107137
1976,3,34,2,0.627350002891405
1975,4,34,2,0.295042846977335
1976,1,34,2,0.0684767994677394
1976,2,34,2,0.366398986659407
1977,3,34,2,0.604080687991812
1976,4,34,2,0.247118190236629
1977,1,34,2,0.02178365558936
1977,2,34,2,0.222420960510233
1975,2,34,2,0.324542962931647
1978,4,34,2,0.241999467518558
1979,1,34,2,0.0616254832649103
1979,2,34,2,0.262391124290363
1979,3,34,2,0.722271747560133
1979,4,34,2,0.218581647092993
1980,1,34,2,0.0204573257430708
1980,2,34,2,0.371826413106623
1980,3,34,2,0.831300173336513
1980,4,34,2,0.272405913712866
1977,4,34,2,0.146338434755549
1978,1,34,2,0.0276435993110126
1978,2,34,2,0.331120513956944
1978,3,34,2,0.860613663401599
1972,1,34,2,0.164792061519277
1972,2,34,2,0.467076383140365
1972,3,34,2,0.967729202867863
1972,4,34,2,0.35444363778258
1973,1,34,2,0.0648661056876332
1973,2,34,2,0.414555104116227
1973,3,34,2,0.862584999908505
1973,4,34,2,0.373116350947555
1974,1,34,2,0.0571847046789804
1974,2,34,2,0.459724227828482
1974,3,34,2,0.829030693856411
1974,4,34,2,0.307294925365137
1975,1,34,2,0.0832800639269741
1985,2,34,2,0.211788875901413
1985,3,34,2,0.406472735746401
1985,4,34,2,0.165832888560088
1986,1,34,2,0.00721686629270558
1986,2,34,2,0.325472297559171
1986,3,34,2,1.02258748927181
1986,4,34,2,0.293908532903796
1987,1,34,2,0.0265112599428356
1987,2,34,2,0.153735031044723
1987,3,34,2,0.506980443673432
1987,4,34,2,0.234119389684944
1988,1,34,2,0.094572404557992
1988,2,34,2,0.315531071970182
1988,3,34,2,0.567501851975622
1988,4,34,2,0.266139190073607
1989,1,34,2,0.108829873286502
1989,2,34,2,0.282312844213062
1989,3,34,2,0.796586174218947
1989,4,34,2,0.324759820303987
1990,1,34,2,0.0256708658252694
1990,2,34,2,0.154202171000841
1990,3,34,2,0.538466542194134
1990,4,34,2,0.177257681005625
1991,1,34,2,0.0746688756040944
1991,2,34,2,0.384157040206274
1991,3,34,2,0.705028970865413
1991,4,34,2,0.301044770603189
1992,1,34,2,0.0374405253771021
1992,2,34,2,0.176806851351161
1992,3,34,2,0.608702559016407
1992,4,34,2,0.192235916277805
1993,1,34,2,0.0494361770866566
1993,2,34,2,0.239936567483298
1993,3,34,2,0.587775886429089
1993,4,34,2,0.230187248973431
1994,1,34,2,0.0679372725068254
1994,2,34,2,0.183898234126652
1994,3,34,2,0.538533390134438
1994,4,34,2,0.169183347956168
1995,1,34,2,0.0633282132492049
1995,2,34,2,0.251753864725882
1995,3,34,2,0.615497738511025
1995,4,34,2,0.238083674655131
1996,1,34,2,0.0153629822342675
1996,2,34,2,0.157965085987278
1996,3,34,2,0.381160544829984
1996,4,34,2,0.11043905069881
1997,1,34,2,0.0296532012342043
1997,2,34,2,0.155311217928666
1997,3,34,2,0.428589253080961
1997,4,34,2,0.189311834576103
1998,1,34,2,0.0285820838130952
1998,2,34,2,0.201879275842725
1998,3,34,2,0.394597991211517
1998,4,34,2,0.151437421351082
1999,1,34,2,0.13459601302174
1999,2,34,2,0.412474224565484
1999,3,34,2,0.674307802947704
1999,4,34,2,0.331844173252176
2000,1,34,2,0.0588928976734782
2000,2,34,2,0.200669495768374
2000,3,34,2,0.485554841490128
2000,4,34,2,0.156637481690444
2001,1,34,2,0.0364497304452877
2001,2,34,2,0.117966540644988
2001,3,34,2,0.226515718367676
2001,4,34,2,0.098376899411706
2002,1,34,2,0.0363383062370804
2002,2,34,2,0.14070311626906
2002,3,34,2,0.281293156221715
2002,4,34,2,0.0972730651115727
2003,1,34,2,0.023219154803438
2003,2,34,2,0.196055921172311
2003,3,34,2,0.403100983624715
2003,4,34,2,0.150416962808308
2004,1,34,2,0.0290163191141619
2004,2,34,2,0.12591611605365
2004,3,34,2,0.276754042770038
2004,4,34,2,0.116611170778241
2005,1,34,2,0.0332642393198259
2005,2,34,2,0.153104779315294
2005,3,34,2,0.408355736448657
2005,4,34,2,0.178220418238163
2006,1,34,2,0.042830878418274
2006,2,34,2,0.174019570811506
2006,3,34,2,0.389809748143962
2006,4,34,2,0.156273927488876
2007,1,34,2,0.029654504122919
2007,2,34,2,0.125108931922454
2007,3,34,2,0.252245075760556
2007,4,34,2,0.112349245504186
2008,1,34,2,0.0412776115700641
2008,2,34,2,0.145725791971704
2008,3,34,2,0.297518139462845
2008,4,34,2,0.109301758156685
2009,1,34,2,0.0217592442765405
2009,2,34,2,0.0773295474352369
2009,3,34,2,0.188082713289962
2009,4,34,2,0.0583311958024639
2010,1,34,2,0.0125012003295481
2010,2,34,2,0.109179985787828
2010,3,34,2,0.310546292325365
2010,4,34,2,0.110704831049239
2011,1,34,2,0.0361797273559813
2011,2,34,2,0.116410159124068
2011,3,34,2,0.315287964260349
2011,4,34,2,0.115805222889367
2012,1,34,2,0.0299276165973776
2012,2,34,2,0.091183077257123
2012,3,34,2,0.285921823686392
2012,4,34,2,0.0679000932086766
2013,1,34,2,0.0735081329270693
2013,2,34,2,0.177767639824607
2013,3,34,2,0.37465358384952
2013,4,34,2,0.156495863715677
2014,1,34,2,0.0127146286980649
2014,2,34,2,0.0672077684590825
2014,3,34,2,0.221355584451334
2014,4,34,2,0.0569496126566909
2015,1,34,2,0.0110962244359029
2015,2,34,2,0.114634023283738
2015,3,34,2,0.254232918911453
2015,4,34,2,0.105195434635987
2016,1,34,2,0.0177134197397717
2016,2,34,2,0.0854450195758772
2016,3,34,2,0.242220094894497
2016,4,34,2,0.0690588243173544
2017,1,34,2,0.0310128580071301
2017,2,34,2,0.0865713265595609
2017,3,34,2,0.229853078891447
2017,4,34,2,0.0959229622192199
2018,1,34,2,0.0221313993765091
2018,2,34,2,0.09747665166999
2018,3,34,2,0.196397832092184
2018,4,34,2,0.0685278736831118
2019,1,34,2,0.0425220693371697
2019,2,34,2,0.121827140800812
2019,3,34,2,0.316488245678407
2019,4,34,2,0.125226453391624
2020,1,34,2,0.028546046866179
2020,2,34,2,0.094380011756184
2020,3,34,2,0.20046813729328
2020,4,34,2,0.0719880251373048
2021,1,34,2,0.0341609803350805
2021,2,34,2,0.133796718165712
2021,3,34,2,0.343728959805823
2021,4,34,2,0.117164107657285
2022,1,34,2,0.017757389649202
2022,2,34,2,0.0669746063248903
2022,3,34,2,0.165123150156384
2022,4,34,2,0.0573508591219399
2023,1,34,2,0.0318954869300709
2023,2,34,2,0.109084854955967
2023,3,34,2,0.234117761884511
2023,4,34,2,0.0833377584889854
1983,1,34,2,0.0150248609108114
1983,2,34,2,0.199132658728186
1983,3,34,2,0.662696741096673
1983,4,34,2,0.256593469448037
1984,1,34,2,0.0426856338059257
1984,2,34,2,0.312751718746951
1984,3,34,2,0.984858984174392
1984,4,34,2,0.323308215653085
1985,1,34,2,0.0405546007696482
1981,4,34,2,0.218159024442477
1982,1,34,2,0.0370220100806187
1982,2,34,2,0.21108186554253
1982,3,34,2,0.628611207405149
1982,4,34,2,0.240167011818375
1981,1,34,2,0.00483165303376687
1981,2,34,2,0.199106129898223
1981,3,34,2,0.638014326145944
1975,3,35,3,0.373116145093709
1976,3,35,3,0.483266720544726
1975,4,35,3,0.221676878541379
1976,1,35,3,0.289026307606122
1976,2,35,3,0.614888922005972
1974,2,35,3,0.535608533697403
1974,3,35,3,0.426566904751194
1974,4,35,3,0.249479785842991
1975,1,35,3,0.223601441519707
1975,2,35,3,0.476611479480714
1978,4,35,3,0.219266167212448
1979,1,35,3,0.206849067511708
1979,2,35,3,0.444622198754231
1979,3,35,3,0.35197072480803
1979,4,35,3,0.203433210511101
1976,4,35,3,0.29571544988356
1977,1,35,3,0.21285978342963
1977,2,35,3,0.456634347004378
1977,3,35,3,0.37046352696711
1977,4,35,3,0.216004511450645
1978,1,35,3,0.214802757020421
1978,2,35,3,0.477925141375448
1978,3,35,3,0.369968118212854
1972,1,35,3,0.295254741752134
1972,2,35,3,0.616934132133403
1972,3,35,3,0.472620341744631
1972,4,35,3,0.296062122561233
1973,1,35,3,0.230463304324641
1973,2,35,3,0.491216824596077
1973,3,35,3,0.387432361896081
1973,4,35,3,0.231598234912643
1974,1,35,3,0.24506937704813
1984,2,35,3,0.447080315501568
1984,3,35,3,0.352729275862697
1984,4,35,3,0.207582936963711
1985,1,35,3,0.161216802812078
1985,2,35,3,0.344531780797314
1985,3,35,3,0.273442943633717
1985,4,35,3,0.161805214051138
1986,1,35,3,0.178473363328085
1986,2,35,3,0.388138705088057
1986,3,35,3,0.303762744477897
1986,4,35,3,0.182150446256107
1987,1,35,3,0.171168042498085
1987,2,35,3,0.375717991597477
1987,3,35,3,0.2973348611078
1987,4,35,3,0.175751674031292
1988,1,35,3,0.197783850462654
1988,2,35,3,0.419420093875688
1988,3,35,3,0.332786164423252
1988,4,35,3,0.199642117407205
1989,1,35,3,0.191710901184267
1989,2,35,3,0.403907220767915
1989,3,35,3,0.316965689335993
1989,4,35,3,0.190162092422376
1980,1,35,3,0.219331637846259
1980,2,35,3,0.465608122340498
1980,3,35,3,0.38758836257492
1980,4,35,3,0.22556123263892
1981,1,35,3,0.202889714391658
1981,2,35,3,0.436616786349994
1981,3,35,3,0.336007149434077
1981,4,35,3,0.200450979037081
1982,1,35,3,0.182319196022794
1982,2,35,3,0.390168283705483
1982,3,35,3,0.299046745285145
1982,4,35,3,0.18118145049787
1983,1,35,3,0.194985116387789
1983,2,35,3,0.406513626177434
1983,3,35,3,0.330381981477546
1983,4,35,3,0.198316650676702
1984,1,35,3,0.205449829373673
1994,2,35,3,0.264207771246776
1994,3,35,3,0.208727283074159
1994,4,35,3,0.124326032097162
1995,1,35,3,0.117377138278944
1995,2,35,3,0.242861573322948
1995,3,35,3,0.204732438966254
1995,4,35,3,0.119554517510414
1996,1,35,3,0.117676974802208
1996,2,35,3,0.251424061261454
1996,3,35,3,0.196425529243451
1996,4,35,3,0.11756535450812
1997,1,35,3,0.111266189043313
1997,2,35,3,0.235825079761088
1997,3,35,3,0.186926507074612
1997,4,35,3,0.109071725677618
1998,1,35,3,0.116076675268504
1998,2,35,3,0.251327399637364
1998,3,35,3,0.208737907016841
1998,4,35,3,0.120142061140848
1999,1,35,3,0.111334905362906
1999,2,35,3,0.238404971651586
1999,3,35,3,0.188250105427422
1999,4,35,3,0.111500859699711
2000,1,35,3,0.137107769245844
2000,2,35,3,0.295130050955551
2000,3,35,3,0.233506547130413
2000,4,35,3,0.13921046109483
2001,1,35,3,0.0677018141752958
2001,2,35,3,0.145781695786583
2001,3,35,3,0.117406572742343
2001,4,35,3,0.0674290677436297
2002,1,35,3,0.124458071316997
2002,2,35,3,0.264390287942118
2002,3,35,3,0.21188149695941
2002,4,35,3,0.126004457536143
2003,1,35,3,0.176766010098596
2003,2,35,3,0.373217166058323
2003,3,35,3,0.301813658548576
2003,4,35,3,0.177614687153739
2004,1,35,3,0.108474734944324
2004,2,35,3,0.226455717588635
2004,3,35,3,0.180802490401204
2004,4,35,3,0.107406023014982
2005,1,35,3,0.105889526656173
2005,2,35,3,0.223875938823894
2005,3,35,3,0.176661082492371
2005,4,35,3,0.106395305134101
2006,1,35,3,0.112788939733984
2006,2,35,3,0.235463660573345
2006,3,35,3,0.18473410220849
2006,4,35,3,0.112318069457804
2007,1,35,3,0.0819538548598101
2007,2,35,3,0.171898151974635
2007,3,35,3,0.141024225129056
2007,4,35,3,0.0816651922296116
2008,1,35,3,0.0906384804769383
2008,2,35,3,0.191234348811077
2008,3,35,3,0.152729878548824
2008,4,35,3,0.0920738457711717
2009,1,35,3,0.0840251208774359
2009,2,35,3,0.175947487415769
2009,3,35,3,0.142512087783605
2009,4,35,3,0.0823299018243618
2010,1,35,3,0.0893884230133433
2010,2,35,3,0.193258951667124
2010,3,35,3,0.156101836375792
2010,4,35,3,0.0901338583319529
2011,1,35,3,0.0763727321188306
2011,2,35,3,0.164183282348358
2011,3,35,3,0.127664255825686
2011,4,35,3,0.0760530751430267
2012,1,35,3,0.0731006782195581
2012,2,35,3,0.157679113800272
2012,3,35,3,0.121871528035403
2012,4,35,3,0.0720734166852307
2013,1,35,3,0.100691972324679
2013,2,35,3,0.215436466812841
2013,3,35,3,0.175606066509027
2013,4,35,3,0.0985862014687089
2014,1,35,3,0.0889847442857962
2014,2,35,3,0.198687562728366
2014,3,35,3,0.155841608293945
2014,4,35,3,0.090026865441062
2015,1,35,3,0.10991530786116
2015,2,35,3,0.237681644970837
2015,3,35,3,0.18611118056762
2015,4,35,3,0.111392874696826
2016,1,35,3,0.0776312505416949
2016,2,35,3,0.171366006528625
2016,3,35,3,0.139502075829192
2016,4,35,3,0.0789998039528295
2017,1,35,3,0.0687233200914089
2017,2,35,3,0.148308505963356
2017,3,35,3,0.123070991395962
2017,4,35,3,0.0698646407204739
2018,1,35,3,0.0847530861000388
2018,2,35,3,0.183648005207938
2018,3,35,3,0.139888545393124
2018,4,35,3,0.0843206731031792
2019,1,35,3,0.0608681655155255
2019,2,35,3,0.136477344881878
2019,3,35,3,0.10732156983278
2019,4,35,3,0.062096608162688
2020,1,35,3,0.0396531346763267
1990,1,35,3,0.142497931568758
1990,2,35,3,0.301266372266667
1990,3,35,3,0.241545934126147
1990,4,35,3,0.144006394161076
1991,1,35,3,0.146306934949008
1991,2,35,3,0.307022950853765
1991,3,35,3,0.249913625361223
1991,4,35,3,0.143601543907092
1992,1,35,3,0.179495382261928
1992,2,35,3,0.370596485789996
1992,3,35,3,0.300863057331754
1992,4,35,3,0.172811507032124
1993,1,35,3,0.139954398973408
1993,2,35,3,0.290091684324731
1993,3,35,3,0.236856335814349
1993,4,35,3,0.140224670642373
1994,1,35,3,0.126553637540829
2020,3,35,3,0.076873836260404
2020,4,35,3,0.0414418876769285
2021,1,35,3,0.0571903560184892
2021,2,35,3,0.128472292775297
2021,3,35,3,0.101197818262569
2021,4,35,3,0.0580892889053813
2022,1,35,3,0.0684069271379659
2022,2,35,3,0.152554935354444
2022,3,35,3,0.124325823701233
2022,4,35,3,0.0702537364011331
2023,1,35,3,0.0949268656377091
2023,2,35,3,0.201966460078286
2020,2,35,3,0.0944323196031432
2023,4,35,3,0.0956612410156683
2023,3,35,3,0.161274624018643
1972,3,36,4,1.71123210427121
1972,4,36,4,1.04137683596951
1973,1,36,4,1.22141998924282
1973,3,36,4,1.85856843830882
1973,4,36,4,1.17003496610389
1974,1,36,4,0.997752649786905
1973,2,36,4,2.38833785932469
1974,3,36,4,1.62044530128668
1974,4,36,4,0.97704378841943
1975,1,36,4,0.953804017971388
1974,2,36,4,2.07518683708496
1972,2,36,4,2.19501885863664
1975,4,36,4,0.915742289002317
1976,1,36,4,0.769278054169204
1976,2,36,4,1.55030011236139
1976,3,36,4,1.20116482284596
1976,4,36,4,0.741287760580475
1977,1,36,4,0.827803283925404
1977,2,36,4,1.69459342301412
1977,3,36,4,1.34762997272491
1977,4,36,4,0.815828758788172
1978,1,36,4,0.815479620087809
1978,2,36,4,1.67875935138496
1975,2,36,4,1.92629801809765
1975,3,36,4,1.51790818038332
1982,2,36,4,1.25185899222293
1982,3,36,4,0.985286210312863
1982,4,36,4,0.59777519423344
1983,1,36,4,0.821767910256005
1983,2,36,4,1.66893203293672
1983,3,36,4,1.31012726644573
1983,4,36,4,0.846792362271796
1984,1,36,4,0.764217266565273
1984,2,36,4,1.54474267801313
1984,3,36,4,1.21724206609412
1984,4,36,4,0.740693186895298
1985,1,36,4,0.81338382702522
1985,2,36,4,1.636198403523
1985,3,36,4,1.29329894661897
1985,4,36,4,0.797947967747686
1986,1,36,4,1.04177817402217
1986,2,36,4,2.09036769581363
1986,3,36,4,1.63960176059674
1986,4,36,4,1.01665286938341
1987,1,36,4,1.08066386367153
1987,2,36,4,2.13194138173209
1987,3,36,4,1.73222936048101
1987,4,36,4,1.06491413921883
1988,1,36,4,0.93989771348687
1988,2,36,4,1.87442804650016
1978,3,36,4,1.31185628818138
1978,4,36,4,0.804910163111026
1979,1,36,4,0.792774130622766
1979,2,36,4,1.62171606519123
1979,3,36,4,1.28412489700922
1979,4,36,4,0.775662863611401
1980,1,36,4,0.708895539556239
1980,2,36,4,1.46969795386303
1980,3,36,4,1.16089787630824
1980,4,36,4,0.707060264051414
1981,1,36,4,0.639275012893822
1981,2,36,4,1.31823521191674
1981,3,36,4,1.03748136688071
1981,4,36,4,0.621724542797109
1982,1,36,4,0.608614182346624
1992,2,36,4,1.82723494671165
1992,3,36,4,1.46078401511626
1992,4,36,4,0.882756023235596
1993,1,36,4,0.641702470282166
1993,2,36,4,1.30943153577228
1993,3,36,4,1.04111926497703
1993,4,36,4,0.633659898710422
1994,1,36,4,0.666150677696642
1994,2,36,4,1.34853616145066
1994,3,36,4,1.07134340576588
1994,4,36,4,0.649557843696527
1995,1,36,4,0.587644289393217
1995,2,36,4,1.2010776888772
1995,3,36,4,0.952482757330694
1995,4,36,4,0.575670300910822
1996,1,36,4,0.616957851841112
1996,2,36,4,1.26971220248596
1996,3,36,4,1.00652633790111
1996,4,36,4,0.60380257687341
1997,1,36,4,0.516839141692405
1997,2,36,4,1.04606900740427
1997,3,36,4,0.831968236749611
1997,4,36,4,0.507242162241294
1998,1,36,4,0.573887193357446
1998,2,36,4,1.17415329213773
1988,3,36,4,1.5058368077848
1988,4,36,4,0.911339064254309
1989,1,36,4,0.647705348475409
1989,2,36,4,1.30862408384731
1989,3,36,4,1.02381292682143
1989,4,36,4,0.625661930146856
1990,1,36,4,0.540660939888548
1990,2,36,4,1.09995404855652
1990,3,36,4,0.870421953055319
1990,4,36,4,0.531487925872366
1991,1,36,4,0.740863096522094
1991,2,36,4,1.57838607115336
1991,3,36,4,1.24623902900105
1991,4,36,4,0.740142827460448
1992,1,36,4,0.909666992278909
2002,2,36,4,1.07559667136231
2002,3,36,4,0.85868213566819
2002,4,36,4,0.527805988545349
2003,1,36,4,0.482459456318066
2003,2,36,4,0.983654696516325
2003,3,36,4,0.78388905274364
2003,4,36,4,0.479500916957649
2004,1,36,4,0.563021833038489
2004,2,36,4,1.13523968599226
2004,3,36,4,0.907118308766321
2004,4,36,4,0.545707377046019
2005,1,36,4,0.455735684172505
2005,2,36,4,0.951038625490748
2005,3,36,4,0.753460704800187
2005,4,36,4,0.452282788853872
2006,1,36,4,0.561202624188337
2006,2,36,4,1.11808555391432
2006,3,36,4,0.884171451053788
2006,4,36,4,0.544158210111447
2007,1,36,4,0.575393705207056
2007,2,36,4,1.15583507798907
2007,3,36,4,0.922410968260085
2007,4,36,4,0.562018036096143
2008,1,36,4,0.332839453055102
2008,2,36,4,0.697290356404365
2008,3,36,4,0.538311031821192
2008,4,36,4,0.32478089141685
2009,1,36,4,0.240521437711737
2009,2,36,4,0.514428253590097
2009,3,36,4,0.403832313596923
2009,4,36,4,0.238694359109789
2010,1,36,4,0.357176211711098
2010,2,36,4,0.746100693146838
2010,3,36,4,0.578996231018728
2010,4,36,4,0.349798651494525
2011,1,36,4,0.300638369910401
2011,2,36,4,0.638307239034278
2011,3,36,4,0.490028446850685
2011,4,36,4,0.292702366311771
2012,1,36,4,0.330906738713043
2012,2,36,4,0.678790123632694
2012,3,36,4,0.526461688843206
2012,4,36,4,0.322170355519388
2013,1,36,4,0.376792109696279
2013,2,36,4,0.776899728620724
2013,3,36,4,0.614372433555176
2013,4,36,4,0.368743437654383
2014,1,36,4,0.337858995372825
2014,2,36,4,0.712969916747674
2014,3,36,4,0.57104571332953
2014,4,36,4,0.338782172448229
2015,1,36,4,0.321375662185624
2015,2,36,4,0.669447631551837
2015,3,36,4,0.540258419607826
2015,4,36,4,0.318892169975372
2016,1,36,4,0.285288647980762
2016,2,36,4,0.599143526937783
2016,3,36,4,0.476428056545976
2016,4,36,4,0.284927722791486
2017,1,36,4,0.2555521065525
2017,2,36,4,0.536728215450843
2017,3,36,4,0.426584472071248
2017,4,36,4,0.253642203519312
2018,1,36,4,0.320745341144626
2018,2,36,4,0.652285593884275
2018,3,36,4,0.517257815483553
2018,4,36,4,0.31775669881461
2019,1,36,4,0.391941558787027
2019,2,36,4,0.794920709211497
2019,3,36,4,0.648066881351999
2019,4,36,4,0.390610000956001
2020,1,36,4,0.319365756793921
2020,2,36,4,0.679195780513853
2020,3,36,4,0.539844266234339
2020,4,36,4,0.318842016785157
2021,1,36,4,0.246151107764173
2021,2,36,4,0.529055332115638
2021,3,36,4,0.41237307572001
2021,4,36,4,0.243826760471123
2022,1,36,4,0.192413856534647
2022,2,36,4,0.40944062037791
2022,3,36,4,0.321764019057603
2022,4,36,4,0.191238904212154
2023,1,36,4,0.323538618375519
2023,2,36,4,0.649713187008902
2023,3,36,4,0.513945422486867
2023,4,36,4,0.317133099275443
2000,2,36,4,1.01971808836976
2000,3,36,4,0.809803697487503
2000,4,36,4,0.485701515278989
2001,1,36,4,0.496577475123658
2001,2,36,4,1.01427122962537
2001,3,36,4,0.808429696008407
1998,3,36,4,0.927593787782794
1998,4,36,4,0.564189004027607
1999,1,36,4,0.590208438065875
1999,2,36,4,1.19270115876572
1999,3,36,4,0.927439030110028
1999,4,36,4,0.569085535020692
2000,1,36,4,0.501776448429415
36,14.3333333333333,36,4,1.64705882352941
1972,1,36,4,1.06484661283587
2001,4,36,4,0.482090847520547
2002,1,36,4,0.53287595038806
2005,1,37,5,1.46779043564373
2005,2,37,5,2.16889703751894
2005,3,37,5,1.25292156831182
2005,4,37,5,1.30891232005614
2006,1,37,5,1.61480988135351
2006,2,37,5,1.68597808445273
2007,3,37,5,1.9802513430898
2007,4,37,5,0.98752809149456
2008,1,37,5,1.47950079363528
2008,2,37,5,1.67726729112251
2008,3,37,5,2.49692010850161
2008,4,37,5,2.22020527141042
2009,1,37,5,1.83971057653478
2009,2,37,5,2.3443464887482
2009,3,37,5,1.17650450154628
2006,3,37,5,2.88540173621004
2006,4,37,5,1.92553409070369
2007,1,37,5,1.44313216505002
2007,2,37,5,2.25740179986428
2014,1,37,5,1.18045040373596
2014,2,37,5,1.54532051203426
2014,3,37,5,1.25831777032369
2014,4,37,5,0.886445180904159
2015,1,37,5,1.11336300670332
2015,2,37,5,0.700900285177203
2015,3,37,5,0.569575156640886
2015,4,37,5,0.61129172635609
2016,1,37,5,1.0025908926862
2016,2,37,5,0.641062183897857
2016,3,37,5,0.38208088902333
2016,4,37,5,0.432474637057658
2017,1,37,5,0.674061175181141
2017,2,37,5,0.422950400857957
2017,3,37,5,0.841099832672155
2017,4,37,5,0.773360175818482
2018,1,37,5,0.838471017759735
2018,2,37,5,0.528580996990514
2018,3,37,5,0.424679336573143
2018,4,37,5,0.578045388657294
2019,1,37,5,0.500098988559003
2019,2,37,5,0.422558114875701
2019,3,37,5,0.311266608048558
2019,4,37,5,0.335574248805414
2020,1,37,5,0.266042572470134
2020,2,37,5,0.508263774484271
2020,3,37,5,0.761817830338028
2020,4,37,5,0.402641818128525
2021,1,37,5,0.473539782259209
2021,2,37,5,0.471088521704823
2021,3,37,5,0.298604841732944
2021,4,37,5,0.197105688648026
2022,1,37,5,0.520034847433243
2022,2,37,5,0.607784242311118
2022,3,37,5,0.411667150119755
2022,4,37,5,0.307321704184678
2023,1,37,5,0.446486349843128
2023,2,37,5,0.341037956123927
2023,3,37,5,0.379866923624299
2023,4,37,5,0.590546732092839
2024,1,37,5,0.689704366238842
2024,2,37,5,0.707310655503307
2024,3,37,5,0.481027855866466
2024,4,37,5,0.601775673897797
2011,2,37,5,0.570671799579608
2011,3,37,5,0.446926516530701
2011,4,37,5,0.59816508740338
2012,1,37,5,2.26852090844371
2012,2,37,5,1.43530069009728
2012,3,37,5,1.13737198469807
2012,4,37,5,1.16882053246418
2009,4,37,5,1.27660308868028
2010,1,37,5,1.22947427629578
2010,2,37,5,1.10195040459121
2010,3,37,5,1.22351153503604
2010,4,37,5,1.56017833813456
2011,1,37,5,0.844012300622609
2013,2,37,5,1.23188363695399
2013,3,37,5,1.0233446767361
2013,4,37,5,1.17124776832776
2013,1,37,5,1.06071465381134
1972,1,38,7,0.625113694169835
1972,2,38,7,1.22077534525117
1972,3,38,7,0.904669609174788
1972,4,38,7,0.591240028272137
1973,1,38,7,0.753135226387308
1973,2,38,7,1.44116157131374
1973,3,38,7,1.07685522100903
1974,4,38,7,0.614429824519254
1975,1,38,7,0.468914590368711
1975,2,38,7,0.891303461695552
1975,3,38,7,0.671125290498039
1975,4,38,7,0.427618345918957
1976,1,38,7,0.642674673447252
1976,2,38,7,1.22165378891863
1976,3,38,7,0.925067575457425
1976,4,38,7,0.613186129406839
1973,4,38,7,0.695229809764872
1974,1,38,7,0.649777907169031
1974,2,38,7,1.25052114756208
1974,3,38,7,0.942457957519173
1981,2,38,7,0.844347488617832
1981,3,38,7,0.632466143860022
1981,4,38,7,0.407967632326007
1982,1,38,7,0.458706814330221
1982,2,38,7,0.8840271976767
1982,3,38,7,0.661175426523116
1982,4,38,7,0.422458607776952
1983,1,38,7,0.542496978249644
1983,2,38,7,1.04261833872152
1983,3,38,7,0.788014657740459
1983,4,38,7,0.516475339991183
1984,1,38,7,0.64218330168514
1984,2,38,7,1.20369160354076
1984,3,38,7,0.923857077101485
1984,4,38,7,0.598304323095044
1985,1,38,7,0.436024139165626
1985,2,38,7,0.831783068669683
1985,3,38,7,0.630511500458935
1985,4,38,7,0.410326338747299
1986,1,38,7,0.579353687272958
1986,2,38,7,1.09032686637702
1986,3,38,7,0.820471873545703
1986,4,38,7,0.530324609401734
1977,1,38,7,0.532288592532221
1977,2,38,7,1.02569165217135
1977,3,38,7,0.778562137745058
1977,4,38,7,0.498742080866207
1978,1,38,7,0.655834036410873
1978,2,38,7,1.26341466910179
1978,3,38,7,0.969808005019443
1978,4,38,7,0.618935033104415
1979,1,38,7,0.536573949779485
1979,2,38,7,1.03640511578201
1979,3,38,7,0.76871266033057
1979,4,38,7,0.500035275280618
1980,1,38,7,0.507512056650573
1980,2,38,7,0.964711397992406
1980,3,38,7,0.720698328158813
1980,4,38,7,0.469604603146337
1981,1,38,7,0.443021435740803
1991,2,38,7,0.886968966356486
1991,3,38,7,0.66157030227354
1991,4,38,7,0.414000226050468
1992,1,38,7,0.355547106034715
1992,2,38,7,0.689515230207659
1992,3,38,7,0.529191477221162
1992,4,38,7,0.336817859623526
1993,1,38,7,0.333894880877215
1993,2,38,7,0.647847587671654
1993,3,38,7,0.481782532015846
1993,4,38,7,0.315579981620607
1994,1,38,7,0.44259373053155
1994,2,38,7,0.855675570207861
1994,3,38,7,0.639367696190379
1994,4,38,7,0.411313752306416
1995,1,38,7,0.413894977800986
1995,2,38,7,0.799809509119052
1995,3,38,7,0.604467105857015
1995,4,38,7,0.388738517987613
1996,1,38,7,0.302750399279378
1996,2,38,7,0.570657050719328
1996,3,38,7,0.43042455407668
1996,4,38,7,0.275828240223317
1997,1,38,7,0.285882069861779
1997,2,38,7,0.538498333775158
1997,3,38,7,0.394584027319428
1997,4,38,7,0.25527458259005
1998,1,38,7,0.190932663395558
1998,2,38,7,0.37823677131344
1998,3,38,7,0.285919853262222
1998,4,38,7,0.182572980713765
1999,1,38,7,0.286951995678845
1999,2,38,7,0.55301851829663
1999,3,38,7,0.41274152267072
1999,4,38,7,0.270604399064356
2000,1,38,7,0.248427145320227
2000,2,38,7,0.474547063066162
2000,3,38,7,0.358319947114144
2000,4,38,7,0.231492195563586
2001,1,38,7,0.181207147343982
2001,2,38,7,0.355006867603746
2001,3,38,7,0.26549125277673
2001,4,38,7,0.172723346974804
2002,1,38,7,0.334240366661147
2002,2,38,7,0.643278249795288
2002,3,38,7,0.466348616808725
2002,4,38,7,0.30414402098541
2003,1,38,7,0.343755246050723
2003,2,38,7,0.670821130799974
2003,3,38,7,0.500288880706122
2003,4,38,7,0.32482979548276
2004,1,38,7,0.214649757407972
2004,2,38,7,0.417263294319358
2004,3,38,7,0.30707290977683
2004,4,38,7,0.198726946879565
2005,1,38,7,0.27405656383414
2005,2,38,7,0.531831390932121
2005,3,38,7,0.396100000131734
2005,4,38,7,0.256491038215677
2006,1,38,7,0.249481784012512
2006,2,38,7,0.49032461365357
2006,3,38,7,0.358659794330041
2006,4,38,7,0.231159533565506
2007,1,38,7,0.188786517836983
2007,2,38,7,0.367027335389915
2007,3,38,7,0.276039673500113
2007,4,38,7,0.175299956111032
2008,1,38,7,0.186488996874044
2008,2,38,7,0.367547534441177
2008,3,38,7,0.27730000024943
2008,4,38,7,0.176511582451495
2009,1,38,7,0.138038690598836
2009,2,38,7,0.276133326514071
2009,3,38,7,0.206469925462255
2009,4,38,7,0.129566586536512
1989,3,38,7,0.718631987725172
1989,4,38,7,0.464634348566541
1990,1,38,7,0.337471687674539
1990,2,38,7,0.665386880238689
1990,3,38,7,0.48639168459101
1990,4,38,7,0.313390201976407
1991,1,38,7,0.463032970433216
1987,4,38,7,0.424825252591128
1988,1,38,7,0.587752092874972
1988,2,38,7,1.11322726705614
1988,3,38,7,0.837618705450864
1988,4,38,7,0.527936184535956
1989,1,38,7,0.495801310710591
1989,2,38,7,0.954943977448051
1987,2,38,7,0.863886332396561
1987,3,38,7,0.63607063395567
1987,1,38,7,0.442657422933957
1979,1,39,8,1.25885759842095
1978,3,39,8,2.44855767330903
1978,4,39,8,1.57363556707186
1976,4,39,8,1.64288301715889
1977,1,39,8,1.3995990372124
1977,2,39,8,2.73520019024872
1977,3,39,8,2.0229901077939
1977,4,39,8,1.31643443361632
1978,1,39,8,1.73495526745476
1978,2,39,8,3.25219303736077
1981,4,39,8,1.12037093876075
1982,1,39,8,1.14696421886916
1982,2,39,8,2.24560330897077
1979,2,39,8,2.45699584048073
1979,3,39,8,1.83267336713139
1979,4,39,8,1.18261503058438
1980,1,39,8,1.33321222338533
1980,2,39,8,2.56937676488363
1980,3,39,8,1.89736097420765
1980,4,39,8,1.21869175568146
1981,1,39,8,1.24063676773563
1981,2,39,8,2.34266903684566
1981,3,39,8,1.74068634994555
1975,1,39,8,1.31015856542232
1975,2,39,8,2.5501099146113
1975,3,39,8,1.88974534278572
1975,4,39,8,1.21379579336726
1976,1,39,8,1.69377509423174
1976,2,39,8,3.2746898401005
1976,3,39,8,2.487706274637
1986,4,39,8,1.64098302205041
1987,1,39,8,1.33620521943807
1987,2,39,8,2.57041531379004
1987,3,39,8,1.9043250305323
1987,4,39,8,1.24575085314427
1988,1,39,8,1.67389190765713
1988,2,39,8,3.09820006886117
1988,3,39,8,2.26663986085727
1988,4,39,8,1.41645036944246
1989,1,39,8,0.834613480528534
1989,2,39,8,1.6206344728323
1989,3,39,8,1.20701437049123
1989,4,39,8,0.785124842043799
1990,1,39,8,0.647575349535169
1990,2,39,8,1.2656144905389
1990,3,39,8,0.943167226057191
1990,4,39,8,0.605597025136113
1991,1,39,8,1.31122047458272
1991,2,39,8,2.54724892329278
1991,3,39,8,1.89905887095647
1991,4,39,8,1.22708748849061
1992,1,39,8,1.0469196073141
1992,2,39,8,2.02449613434074
1992,3,39,8,1.51298936685812
1992,4,39,8,0.963636052875767
1993,1,39,8,0.955483165226662
1993,2,39,8,1.85461666125528
1993,3,39,8,1.39301580945463
1993,4,39,8,0.899401063130858
1994,1,39,8,0.944633611359288
1994,2,39,8,1.84552017998976
1994,3,39,8,1.39273774099557
1994,4,39,8,0.898367450724706
1995,1,39,8,1.12785324149524
1995,2,39,8,2.15824327074554
1995,3,39,8,1.58140759822986
1995,4,39,8,1.00676535829885
1996,1,39,8,0.732967730652684
1996,2,39,8,1.42528303295256
1996,3,39,8,1.06229340084945
1996,4,39,8,0.683932672680899
1997,1,39,8,0.705396786306867
1997,2,39,8,1.37726583383759
1997,3,39,8,1.02424061140073
1997,4,39,8,0.662053612552665
1984,2,39,8,2.54703903039462
1984,3,39,8,1.91006352712111
1984,4,39,8,1.21566442668864
1985,1,39,8,1.07347092541816
1985,2,39,8,2.09249835619515
1985,3,39,8,1.55488097458808
1982,3,39,8,1.66308589701597
1982,4,39,8,1.07259577800776
1983,1,39,8,1.2551789162047
1983,2,39,8,2.43111102861796
1983,3,39,8,1.79769388450598
1983,4,39,8,1.15495109847396
1984,1,39,8,1.32377713688611
1986,2,39,8,3.31801203230713
1986,3,39,8,2.51948897488076
1985,4,39,8,1.00945646599923
1986,1,39,8,1.72637637363516
2010,1,40,6,0.69291955459283
2010,2,40,6,0.565970415475459
2010,3,40,6,0.773417308490339
2010,4,40,6,0.703046851980758
2011,1,40,6,0.527824389828452
2011,2,40,6,0.567283758136073
2012,3,40,6,0.613486720828858
2012,4,40,6,0.54336661353314
2013,1,40,6,0.482703369662698
2013,2,40,6,0.507693863305709
2013,3,40,6,0.542756180478816
2013,4,40,6,0.453334041626889
2014,1,40,6,0.50663656804459
2014,2,40,6,0.566917284178332
2014,3,40,6,0.565030112576074
2011,3,40,6,0.57412525060959
2011,4,40,6,0.519096188699913
2012,1,40,6,0.552671737759681
2012,2,40,6,0.534328297526348
2019,1,40,6,0.521054303475365
2019,2,40,6,0.576854619364148
2019,3,40,6,0.64953864948588
2019,4,40,6,0.480443280488202
2020,1,40,6,0.440532568612948
2020,2,40,6,0.417515406145105
2020,3,40,6,0.403559491068597
2020,4,40,6,0.516250889582785
2021,1,40,6,0.486173465396997
2021,2,40,6,0.369665899793587
2021,3,40,6,0.636116755399479
2021,4,40,6,0.399805893794091
2022,1,40,6,0.637564419713242
2022,2,40,6,0.624449208350398
2022,3,40,6,0.326706503056417
2022,4,40,6,0.562223656571793
2023,1,40,6,0.445221348626799
2023,2,40,6,0.568156831207693
2023,3,40,6,0.487194817133935
2023,4,40,6,0.433464192372139
2024,1,40,6,0.457131411724318
2024,2,40,6,0.542468124478317
2024,3,40,6,0.588913523700481
2014,4,40,6,0.585468529557206
2015,1,40,6,0.568240114156436
2015,2,40,6,0.61501478795292
2015,3,40,6,0.583349716758466
2015,4,40,6,0.60864909978074
2016,1,40,6,0.549071866439699
2016,2,40,6,0.469955449868434
2016,3,40,6,0.614348516251843
2016,4,40,6,0.473949413773671
2017,1,40,6,0.444865295691834
2017,2,40,6,0.421537116177377
2017,3,40,6,0.450746803381378
2017,4,40,6,0.481998830820759
2018,1,40,6,0.475952212288107
2018,2,40,6,0.523754301279952
2018,3,40,6,0.433753760595079
2018,4,40,6,0.448623930373346
2024,4,40,6,0.426963280313255
2014,1,41,7,0.731482196688499
2014,2,41,7,0.81273107848865
2014,3,41,7,0.820361885877235
2015,1,41,7,0.81559819576498
2015,2,41,7,0.888993838238604
2015,3,41,7,0.843805185069341
2014,4,41,7,0.8326462563399
2016,1,41,7,0.791874767110915
2016,2,41,7,0.698806148492748
2016,3,41,7,0.891611457499899
2015,4,41,7,0.876562328911778
2017,1,41,7,0.630329595677611
2017,2,41,7,0.602639351139559
2017,3,41,7,0.649986106635944
2017,4,41,7,0.702109104856992
2018,1,41,7,0.686298000889824
2018,2,41,7,0.754053442920907
2018,3,41,7,0.623344935588202
2018,4,41,7,0.654739048948422
2019,1,41,7,0.742254335894079
2019,2,41,7,0.835531850668968
2019,3,41,7,0.937294206476402
2019,4,41,7,0.713801140758037
2016,4,41,7,0.683955306344969
2020,2,41,7,0.603528376383851
2020,3,41,7,0.583456498291443
2020,4,41,7,0.756774349280226
2021,1,41,7,0.701968191369753
2021,2,41,7,0.532148648685049
2021,3,41,7,0.919209643463559
2021,4,41,7,0.578120509485987
2022,1,41,7,0.921597855968809
2022,2,41,7,0.902624579820031
2022,3,41,7,0.472492384760874
2022,4,41,7,0.812859746814689
2023,1,41,7,0.643718931341613
2023,2,41,7,0.823031945732376
2023,3,41,7,0.704239906989515
2023,4,41,7,0.636883641761634
2024,1,41,7,0.657965643328514
2024,2,41,7,0.77923261110862
2024,3,41,7,0.852029229394709
2024,4,41,7,0.61302498022143
2011,2,41,7,0.822180318853401
2011,3,41,7,0.826273592184177
2011,4,41,7,0.759904479742489
2012,1,41,7,0.79754368163058
2012,2,41,7,0.769462479664974
2012,3,41,7,0.880886583732786
2012,4,41,7,0.770125909796189
2020,1,41,7,0.642574979469677
2010,1,41,7,1.00669239621087
2010,2,41,7,0.836117117523523
2010,3,41,7,1.17551721048872
2010,4,41,7,1.05669614182937
2011,1,41,7,0.752798783757424
2013,2,41,7,0.72940235914335
2013,3,41,7,0.785072434856008
2013,4,41,7,0.653784879996227
2013,1,41,7,0.703055965279312
2010,1,42,8,2.25723428164501
2010,2,42,8,1.84406755081559
2010,3,42,8,2.520091904049
2010,4,42,8,2.29918958349973
2011,1,42,8,1.71995218280868
2011,2,42,8,1.84541668192589
2011,3,42,8,1.86862334264512
2012,4,42,8,1.76331578538866
2013,1,42,8,1.57157215647472
2013,2,42,8,1.65542400225462
2013,3,42,8,1.76767155531274
2013,4,42,8,1.47337703595232
2014,1,42,8,1.64376919179648
2014,2,42,8,1.85140861917768
2014,3,42,8,1.84242672125482
2014,4,42,8,1.93171930301546
2011,4,42,8,1.68648083935162
2012,1,42,8,1.80009833071234
2012,2,42,8,1.73993138339592
2012,3,42,8,1.99293160169715
2019,2,42,8,1.88034275634091
2019,3,42,8,2.11708661205191
2019,4,42,8,1.55729730239195
2020,1,42,8,1.43857781329394
2020,2,42,8,1.35903104127655
2020,3,42,8,1.31272842270422
2020,4,42,8,1.68216216454026
2021,1,42,8,1.58382953280692
2021,2,42,8,1.20390263844363
2021,3,42,8,2.07216280556992
2021,4,42,8,1.30243334325748
2022,1,42,8,2.07692971356169
2022,2,42,8,2.03429567067151
2022,3,42,8,1.06427878517973
2022,4,42,8,1.82792369843707
2023,1,42,8,1.44636499178165
2023,2,42,8,1.84957902999112
2023,3,42,8,1.58880461842726
2023,4,42,8,1.42433789636577
2024,1,42,8,1.47924797083295
2024,2,42,8,1.76120969350518
2024,3,42,8,1.92296861702022
2024,4,42,8,1.39260366477776
2015,1,42,8,1.84766129364319
2015,2,42,8,1.99638174646669
2015,3,42,8,1.90793871828362
2015,4,42,8,1.99555523247582
2016,1,42,8,1.78441413374684
2016,2,42,8,1.53757014058025
2016,3,42,8,2.00925126334407
2016,4,42,8,1.54080315501408
2017,1,42,8,1.44715855332635
2017,2,42,8,1.37424092987744
2017,3,42,8,1.46757918710945
2017,4,42,8,1.560798560127
2018,1,42,8,1.55172074825833
2018,2,42,8,1.70305757444439
2018,3,42,8,1.42167257080645
2018,4,42,8,1.47961425215139
2019,1,42,8,1.69811755795945
