year,season,fishery,area,obs,pred
1972,1,33,1,0.598756664278473,1.51558272201249
1972,2,33,1,2.28393538245712,4.24609611659648
1972,3,33,1,6.03152571823029,7.46331734731919
1972,4,33,1,2.05648867141363,2.21488392929521
1973,1,33,1,0.683793026490628,0.679974487430758
1973,2,33,1,2.2317811753609,2.10580959733062
1973,3,33,1,6.24012366316581,5.2751124675637
1973,4,33,1,1.66695731906405,2.04357351823308
1974,1,33,1,0.505756475125463,0.639543908274801
1974,2,33,1,2.88348606098324,1.90027763655523
1974,3,33,1,6.19040182639043,5.32812822925049
1974,4,33,1,2.01093542623704,2.2627932467132
1975,1,33,1,0.632104847911996,0.8684024671088
1975,2,33,1,2.33754211703203,1.95834553112052
1975,3,33,1,5.49039389131689,4.78746000296594
1975,4,33,1,1.93692177694856,2.67219437990794
1976,1,33,1,0.585259465097194,0.92911756325443
1976,2,33,1,2.74834798929016,2.76488764657882
1976,3,33,1,5.9120935070249,5.17583148668322
1976,4,33,1,1.69469028258893,1.57160910163003
1977,1,33,1,0.367511745608694,0.507783552477901
1977,2,33,1,2.20935363521992,2.27641081805482
1977,3,33,1,4.9629484019161,4.7020566588871
1977,4,33,1,1.85651300550568,1.61091122958795
1978,1,33,1,0.631788874487978,0.565695121782337
1978,2,33,1,2.5332422397899,2.62478765647458
1978,3,33,1,7.2282719750245,5.65194650507763
1978,4,33,1,2.34245611336806,1.91094904337109
1979,1,33,1,0.7082203534678,0.611280097586474
1979,2,33,1,2.61404805830366,2.20361677691591
1979,3,33,1,6.54041095074285,5.00781654130105
1979,4,33,1,2.45935716314344,1.35283176600785
1980,1,33,1,0.390901370569427,0.489338891445717
1980,2,33,1,2.08861256283455,2.03724824955849
1980,3,33,1,5.4466459652128,4.61356095379639
1980,4,33,1,1.62238939860018,1.22838463332248
1981,1,33,1,0.202908528502544,0.367144417557721
1981,2,33,1,1.50260459653117,1.43390286100781
1981,3,33,1,3.8884087023859,4.35794231561703
1981,4,33,1,0.801796855966941,1.36588148941215
1982,1,33,1,0.304830315443197,0.480994232304117
1982,2,33,1,2.16063033309077,2.18846415780908
1982,3,33,1,7.41125655125559,4.37978659237813
1982,4,33,1,3.35683981450295,1.30264915176356
1983,1,33,1,0.392546608907829,0.514222102925143
1983,2,33,1,1.58899223369475,2.14706114979971
1983,3,33,1,4.7445661746994,5.11409268253181
1983,4,33,1,1.57570060193979,1.69825287159157
1984,1,33,1,0.436267365479943,0.553441070239587
1984,2,33,1,2.03847096528626,1.93498582330976
1984,3,33,1,6.00744780329112,4.5905507225435
1984,4,33,1,1.52439864325782,1.49182469764127
1985,1,33,1,0.253599253508974,0.553164418873072
1985,2,33,1,1.66529119494589,1.19029360073622
1985,3,33,1,4.0349745726322,2.71176577446324
1985,4,33,1,1.08643315979991,0.947839589910248
1986,1,33,1,0.48056153223928,0.440784140805325
1986,2,33,1,2.36079871419867,2.45076445907627
1986,3,33,1,6.3154562385876,5.2698399917734
1986,4,33,1,1.83583606684301,1.57396828422707
1987,1,33,1,0.400116309656305,0.523457204928855
1987,2,33,1,1.7485729532759,2.23893431403993
1987,3,33,1,7.07806099900993,4.92832907211912
1987,4,33,1,2.28576326181734,1.8485471384702
1988,1,33,1,0.420420448744624,0.659944195374042
1988,2,33,1,1.60399918285151,2.25353478721321
1988,3,33,1,5.73163024080202,4.57679970721213
1988,4,33,1,1.38389224983608,1.44686623443465
1989,1,33,1,0.332538378994459,0.499973590977434
1989,2,33,1,1.37575132490604,1.61284548338362
1989,3,33,1,4.80664819377518,4.27164927611518
1989,4,33,1,1.60897929550473,1.22556259525366
1990,1,33,1,0.25898114996218,0.444591231441647
1990,2,33,1,1.3175843208097,1.65814581638137
1990,3,33,1,6.04360084076424,3.69137862725804
1990,4,33,1,2.06948544689951,1.30512653792348
1991,1,33,1,0.422570069907886,0.403733609877463
1991,2,33,1,1.22115850203496,1.38943890474971
1991,3,33,1,3.26741776944292,3.62190452728976
1991,4,33,1,0.841305859191466,1.37988477595725
1992,1,33,1,0.315372752021608,0.418323593008688
1992,2,33,1,1.02149781881836,0.947147919500029
1992,3,33,1,3.43494186080076,2.97427407256307
1992,4,33,1,0.915129219665133,1.2555829917756
1993,1,33,1,0.481331046137819,0.36312795998046
1993,2,33,1,1.66395949474104,1.16614099199925
1993,3,33,1,5.85912338854267,3.19312480489073
1993,4,33,1,1.6869126096514,1.27966714353383
1994,1,33,1,0.386006913135585,0.415613307624088
1994,2,33,1,1.4979537348421,1.74560290451207
1994,3,33,1,4.9381955934959,3.57870141010158
1994,4,33,1,2.16409010870612,1.1316763171735
1995,1,33,1,0.325953677913947,0.357364146092713
1995,2,33,1,1.3951472984698,2.70256142708746
1995,3,33,1,7.67524335145062,4.91356624022273
1995,4,33,1,2.31197005792086,1.52806159378406
1996,1,33,1,0.34958798627261,0.402121901004644
1996,2,33,1,1.24420901662717,0.899064950161073
1996,3,33,1,3.97490162749475,2.45149979870942
1996,4,33,1,1.70284435005146,0.958591748652695
1997,1,33,1,0.333537492051693,0.453119224221541
1997,2,33,1,1.52470355347648,1.38278557876366
1997,3,33,1,5.07841903718008,3.43837852070512
1997,4,33,1,2.19174931729944,1.02854995534412
1998,1,33,1,0.261845668580326,0.254870425057116
1998,2,33,1,1.24807204918553,1.4156658701236
1998,3,33,1,3.43494186080076,3.52189782800134
1998,4,33,1,1.05195464471781,1.05499919089124
1999,1,33,1,0.322710384628633,0.42553843756321
1999,2,33,1,1.05937594116328,1.02608439530681
1999,3,33,1,2.98022857322402,2.92706437214141
1999,4,33,1,0.814484403239992,1.03232134561487
2000,1,33,1,0.507326752871328,0.264212916233086
2000,2,33,1,1.5093815539336,1.43749210284323
2000,3,33,1,4.1454029608917,3.6840032478414
2000,4,33,1,1.43749210284323,1.00085856835899
2001,1,33,1,0.217621056865233,0.253852979604387
2001,2,33,1,0.748937307927065,0.693988423118441
2001,3,33,1,2.09384062659839,2.43075036046171
2001,4,33,1,0.753896641959321,0.886920436717157
2002,1,33,1,0.163981772602898,0.233633881004144
2002,2,33,1,0.651159929181032,0.722382862620928
2002,3,33,1,2.71176577446324,3.00416602394643
2002,4,33,1,0.684956463276736,0.812531984511851
2003,1,33,1,0.290253674125055,0.240749091965877
2003,2,33,1,0.947195278079959,0.694960687336957
2003,3,33,1,2.48134313434171,2.48631078660677
2003,4,33,1,0.860966227553718,0.937236150702215
2004,1,33,1,0.252334421955378,0.267402570880001
2004,2,33,1,0.885325415880475,0.489387827781638
2004,3,33,1,2.5530787912397,2.13913170206993
2004,4,33,1,0.879237697293031,0.938812030804033
2005,1,33,1,0.266068894993807,0.345072755043384
2005,2,33,1,0.760408112270195,0.878973965545583
2005,3,33,1,2.58415869885492,2.86337213941363
2005,4,33,1,0.6569811184182,0.82299924144542
2006,1,33,1,0.182318522128221,0.239308922243755
2006,2,33,1,0.604471957247018,0.716770194155699
2006,3,33,1,2.19306476148361,2.12399765642283
2006,4,33,1,0.878183244854277,0.587957860187179
2007,1,33,1,0.269820056384687,0.280550930525619
2007,2,33,1,0.632041640587623,0.535636242688608
2007,3,33,1,2.34667633142891,2.13144467289697
2007,4,33,1,0.776234976396752,0.642878198238472
2008,1,33,1,0.210346312375033,0.23200415453447
2008,2,33,1,0.688045712960162,0.896102925853685
2008,3,33,1,1.83859188729189,2.17276380496855
2008,4,33,1,0.605016226893143,0.595353459639479
2009,1,33,1,0.11304153064045,0.220909977959378
2009,2,33,1,0.486022674898624,0.442329588253534
2009,3,33,1,1.48527508867807,1.42276192482754
2009,4,33,1,0.470245678799023,0.489387827781638
2010,1,33,1,0.13252287592067,0.173080236016454
2010,2,33,1,0.619712263373362,0.697188123533604
2010,3,33,1,2.37524359846114,1.90293988838785
2010,4,33,1,0.712411204406576,0.579609893007669
2011,1,33,1,0.152895591352164,0.173253402821443
2011,2,33,1,0.647264667078035,0.596963085998242
2011,3,33,1,1.81484488272284,1.82997078089168
2011,4,33,1,0.589665412736209,0.559338748054727
2012,1,33,1,0.127836905921343,0.183966794929153
2012,2,33,1,0.56433908138943,0.393844152486609
2012,3,33,1,2.01617066120153,1.48349382754209
2012,4,33,1,0.590668696487425,0.561468278843298
2013,1,33,1,0.237164804944181,0.225372655539439
2013,2,33,1,0.781453212308377,0.592324886421453
2013,3,33,1,1.99610942793252,1.71635009787972
2013,4,33,1,0.728257925691722,0.583098006241082
2014,1,33,1,0.107099175496869,0.190710253523503
2014,2,33,1,0.40938469108231,0.607380397313761
2014,3,33,1,1.52577121960346,1.64279654503052
2014,4,33,1,0.361316851724339,0.559059148586391
2015,1,33,1,0.131204251273221,0.186187695219304
2015,2,33,1,0.481668095823743,0.491791712846405
2015,3,33,1,1.23986189696606,1.38444591746215
2015,4,33,1,0.401077742056873,0.456302186160795
2016,1,33,1,0.11429185163559,0.138900142958987
2016,2,33,1,0.414658495471442,0.553994788122625
2016,3,33,1,1.14545278012825,1.36697463180233
2016,4,33,1,0.339256099860472,0.451671560201804
2017,1,33,1,0.141281630681041,0.162187857724701
2017,2,33,1,0.52919409772843,0.615204835977448
2017,3,33,1,1.47388238867962,1.49346660769365
2017,4,33,1,0.436441907332178,0.48413087786858
2018,1,33,1,0.101977813914387,0.267937911183618
2018,2,33,1,0.614467032944631,0.76712923321676
2018,3,33,1,1.78568125878231,1.78193526281129
2018,4,33,1,0.597201918996056,0.544602014338879
2019,1,33,1,0.114979664119419,0.172734421474235
2019,2,33,1,0.523090913102501,0.63884079675793
2019,3,33,1,1.92341066855959,1.72322924739808
2019,4,33,1,0.530518738083278,0.544819898718585
2020,1,33,1,0.113835597345966,0.143273483949961
2020,2,33,1,0.484082467201367,0.367879441171442
2020,3,33,1,1.21106483313999,0.964842889216562
2020,4,33,1,0.394435362011631,0.377456480644344
2021,1,33,1,0.149868055797843,0.119791805157729
2021,2,33,1,0.706240110112546,0.611830497317029
2021,3,33,1,1.99092628442629,1.49436295653602
2021,4,33,1,0.683451215437267,0.402081690825086
2022,1,33,1,0.119672073228513,0.163490564465701
2022,2,33,1,0.44601620211937,0.313172851392578
2022,3,33,1,0.907020706018716,0.951809851461885
2022,4,33,1,0.36240242983249,0.312234740708011
2023,1,33,1,0.171186786484941,0.173426742879848
2023,2,33,1,0.70005246272297,0.693017519117457
2023,3,33,1,2.18999661901839,1.60528289561444
2023,4,33,1,0.960827871498531,0.491447579108273
2024,1,33,1,NA,NA
2024,2,33,1,NA,NA
2024,3,33,1,NA,NA
2024,4,33,1,NA,NA
1972,1,34,2,1.14694283706958,1.55146554947037
1972,2,34,2,3.25112145533162,2.04807432904977
1972,3,34,2,6.73285989066916,6.53387380890779
1972,4,34,2,2.46674631281552,2.10181235767587
1973,1,34,2,0.451445780871239,0.819877778862993
1973,2,34,2,2.88637098926796,1.77535428465627
1973,3,34,2,6.00144335821074,6.22143134467329
1973,4,34,2,2.59685215003724,2.27390814287866
1974,1,34,2,0.398001302933817,1.08094969288233
1974,2,34,2,3.19951744500975,2.44513417812551
1974,3,34,2,5.77189240566093,6.71940762763495
1974,4,34,2,2.13870391850929,1.86451319951952
1975,1,34,2,0.579609893007669,0.803884240216086
1975,2,34,2,2.25872388239573,1.91956769148054
1975,3,34,2,5.67459956701774,5.3601930970348
1975,4,34,2,2.05340625079992,1.71480607770493
1976,1,34,2,0.476589378762069,0.912917284474622
1976,2,34,2,2.55001693417187,2.60075035118224
1976,3,34,2,4.36666692194639,4.81627110987119
1976,4,34,2,1.71995822028781,1.46199216176008
1977,1,34,2,0.151677306259232,0.539290981166802
1977,2,34,2,1.54805607705634,1.4004589439387
1977,3,34,2,4.20384675431933,3.66562920498856
1977,4,34,2,1.01847865584026,1.16311296356281
1978,1,34,2,0.192434392794008,0.537944437594674
1978,2,34,2,2.30458357840587,1.93208552034582
1978,3,34,2,5.98945246638311,4.97288423123731
1978,4,34,2,1.68421570757296,1.29589295750342
1979,1,34,2,0.428913505183916,0.659944195374042
1979,2,34,2,1.8261318745143,2.81510623562406
1979,3,34,2,5.02788792346875,4.25885353150056
1979,4,34,2,1.52135289273708,1.10056094519369
1980,1,34,2,0.142416416818854,0.472981028582336
1980,2,34,2,2.58777905469108,1.40143960839197
1980,3,34,2,5.78344774195677,3.50433228930293
1980,4,34,2,1.89591202037427,1.04814297172946
1981,1,34,2,0.0336413269182046,0.367879441171442
1981,2,34,2,1.38569247965671,0.921834106028659
1981,3,34,2,4.44153483381013,3.39396888798255
1981,4,34,2,1.51831322762993,1.24458233532716
1982,1,34,2,0.257689476088041,0.547058245779255
1982,2,34,2,1.46902659326604,1.2428411391794
1982,3,34,2,4.37540899494926,3.01319205429427
1982,4,34,2,1.6714641853571,1.008975036265
1983,1,34,2,0.104559394564448,0.474639362573977
1983,2,34,2,1.38596964586834,1.70114235683985
1983,3,34,2,4.61356095379639,4.0877716797153
1983,4,34,2,1.78585983583689,1.61930978530193
1984,1,34,2,0.297006872712811,0.789385882301969
1984,2,34,2,2.17667830180773,2.78430975818862
1984,3,34,2,6.85514866589918,4.86467543924804
1984,4,34,2,2.25015701899189,1.16835876610226
1985,1,34,2,0.282239296140523,0.525818070314193
1985,2,34,2,1.47402978428814,1.27583389485119
1985,3,34,2,2.82921701435156,2.75660541320083
1985,4,34,2,1.15419138589737,1.01413902368814
1986,1,34,2,0.0502371744222075,0.513143369575452
1986,2,34,2,2.2652836887766,1.79624791920527
1986,3,34,2,7.11353992741158,5.72590147542131
1986,4,34,2,2.04561811387876,1.57790812768997
1987,1,34,2,0.184519523992989,0.728695011559784
1987,2,34,2,1.06995864693214,1.45717553942421
1987,3,34,2,3.52894867215121,4.83074161811028
1987,4,34,2,1.62938069352584,1.88815469447554
1988,1,34,2,0.658230569145509,0.978612036978422
1988,2,34,2,2.19591759961655,1.87742282759416
1988,3,34,2,3.951123623077,4.45042679247243
1988,4,34,2,1.85224793230738,1.4549914146182
1989,1,34,2,0.757448296025585,0.644616314775135
1989,2,34,2,1.96481874630382,1.26061538181293
1989,3,34,2,5.54557326728252,3.21877225634943
1989,4,34,2,2.26030554262991,1.04486741315132
1990,1,34,2,0.178708373509331,0.582049373882101
1990,2,34,2,1.07321627029752,1.27672729122984
1990,3,34,2,3.74716667097287,3.40416608279082
1990,4,34,2,1.23367805995674,1.18305491022376
1991,1,34,2,0.519701848559423,0.592147215607481
1991,2,34,2,2.67353081117787,1.62125412341384
1991,3,34,2,4.90865512994691,4.31889680313948
1991,4,34,2,2.09530682814768,1.25960729279685
1992,1,34,2,0.260539707859976,0.469916622007178
1992,2,34,2,1.23047466322119,0.929526464934034
1992,3,34,2,4.23761241089689,3.70988173962711
1992,4,34,2,1.33789836709748,1.28274203306981
1993,1,34,2,0.344039088053988,0.521889186517699
1993,2,34,2,1.66996054433023,1.46638472379399
1993,3,34,2,4.09186149596232,3.84971838934598
1993,4,34,2,1.60207553824969,0.902758683435643
1994,1,34,2,0.47283915555578,0.404582341314306
1994,2,34,2,1.27992310255759,1.21543252366514
1994,3,34,2,3.74716667097287,2.80948164961369
1994,4,34,2,1.17750759853983,0.93977010761156
1995,1,34,2,0.440740064595091,0.494553472146993
1995,2,34,2,1.75207359866096,1.807600002612
1995,3,34,2,4.28448346560212,3.72102809602082
1995,4,34,2,1.65698552046085,1.03158865759451
1996,1,34,2,0.106885191201499,0.429557358210739
1996,2,34,2,1.09940596267317,1.18483082419158
1996,3,34,2,2.65275838861475,2.8892588039239
1996,4,34,2,0.768665026965011,0.992767282906176
1997,1,34,2,0.20638746062626,0.505352031744286
1997,2,34,2,1.08092807410466,1.26137197799817
1997,3,34,2,2.98321029240836,3.78482632210837
1997,4,34,2,1.3175843208097,0.875727771036273
1998,1,34,2,0.19889067044082,0.369945345174317
1998,2,34,2,1.40508809234762,1.49855303618832
1998,3,34,2,2.74560101501692,2.89793959501171
1998,4,34,2,1.05396579812932,0.685093468269434
1999,1,34,2,0.9367582821322,0.32206560885008
1999,2,34,2,2.87197515390135,1.43734836082016
1999,3,34,2,4.69266194341637,3.33009222898265
1999,4,34,2,2.30965924346274,0.924520550157653
2000,1,34,2,0.409876247586525,0.45826851012804
2000,2,34,2,1.39668280487181,1.79894431287376
2000,3,34,2,3.38042012801557,2.94762570344727
2000,4,34,2,1.09016602373995,0.652137401996139
2001,1,34,2,0.253599253508974,0.238830782698192
2001,2,34,2,0.821026411608713,0.867968374407464
2001,3,34,2,1.57648864923617,2.84909101128921
2001,4,34,2,0.684682535480637,0.665045380035289
2002,1,34,2,0.252839595804746,0.252082213658588
2002,2,34,2,0.979258134111428,0.856672140579396
2002,3,34,2,1.95775811557792,2.52666436490932
2002,4,34,2,0.676989172195886,0.624814795724506
2003,1,34,2,0.161540402068389,0.247585327206085
2003,2,34,2,1.36451629063589,0.943178240399667
2003,3,34,2,2.80667357223677,2.93585875022918
2003,4,34,2,1.04686501701484,0.595353459639479
2004,1,34,2,0.201896517994655,0.22223942217144
2004,2,34,2,0.876340995079373,0.703702216665271
2004,3,34,2,1.92610532931798,2.13763483384348
2004,4,34,2,0.811557530919527,0.686670996708731
2005,1,34,2,0.231540609924526,0.32174370422037
2005,2,34,2,1.0655701414496,0.931089381877758
2005,3,34,2,2.84339852365177,3.00416602394643
2005,4,34,2,1.24035794092703,0.579146390518978
2006,1,34,2,0.298197279429887,0.210978298817832
2006,2,34,2,1.21118594567883,0.890386180227371
2006,3,34,2,2.7131219963777,1.95306512993593
2006,4,34,2,1.08762889380883,0.429643278274101
2007,1,34,2,0.20638746062626,0.209716219050464
2007,2,34,2,0.870750321947705,0.813588962978862
2007,3,34,2,1.75558125234274,1.91362624563612
2007,4,34,2,0.781922224925477,0.529988484516166
2008,1,34,2,0.287365601812596,0.268205983108424
2008,2,34,2,1.01422015805537,0.883998423249938
2008,3,34,2,2.07072751074954,2.01475983558526
2008,4,34,2,0.760712336355864,0.451716729616257
2009,1,34,2,0.151374254799191,0.215025210411654
2009,2,34,2,0.538213477067735,0.475875030588996
2009,3,34,2,1.30904779648415,1.33255746255937
2009,4,34,2,0.405960262413246,0.473264902353101
2010,1,34,2,0.0869867039646039,0.259240260645892
2010,2,34,2,0.759876012848131,0.887985380079442
2010,3,34,2,2.16127861942878,1.95033275186496
2010,4,34,2,0.770512038557072,0.471469908372697
2011,1,34,2,0.251830257444033,0.199288849828362
2011,2,34,2,0.810179055153348,0.879061867337154
2011,3,34,2,2.19438099517112,1.94429608200683
2011,4,34,2,0.805977058725756,0.497878105495204
2012,1,34,2,0.208253331596652,0.225823851896476
2012,2,34,2,0.634638330891626,0.67590685560454
2012,3,34,2,1.98993107010839,1.73672299272133
2012,4,34,2,0.472555537156474,0.495394928084539
2013,1,34,2,0.511606246304474,0.232468627161342
2013,2,34,2,1.23726091896519,0.977555706499619
2013,3,34,2,2.60752110025492,2.06555715760699
2013,4,34,2,1.0891744239047,0.499723666668229
2014,1,34,2,0.0884781190420873,0.212885673819938
2014,2,34,2,0.467759969649263,0.628574953692289
2014,3,34,2,1.54064321299292,1.52196155561863
2014,4,34,2,0.396372838225647,0.518507907865862
2015,1,34,2,0.0772274743423458,0.251327100254054
2015,2,34,2,0.797797877464564,0.537514254140923
2015,3,34,2,1.76932833001633,1.34568072464701
2015,4,34,2,0.732127939174565,0.354516638142465
2016,1,34,2,0.123316630445939,0.162025750933881
2016,2,34,2,0.594698930890686,0.57430193603282
2016,3,34,2,1.68573218402182,1.25998523167268
2016,4,34,2,0.480609590795392,0.393607916872889
2017,1,34,2,0.215887033750882,0.205975098204883
2017,2,34,2,0.602540738581665,0.72065122254991
2017,3,34,2,1.59967422637647,1.2104594520813
2017,4,34,2,0.667577360194911,0.462735343795928
2018,1,34,2,0.153969615189466,0.380716604818628
2018,2,34,2,0.678412343264104,0.886920436717157
2018,3,34,2,1.3668379411738,1.6778278325335
2018,4,34,2,0.476923108118851,0.51043090409964
2019,1,34,2,0.295821218112033,0.230155525672984
2019,2,34,2,0.847893704087916,0.979003560092616
2019,3,34,2,2.20273550647098,2.40969455787624
2019,4,34,2,0.871534349997158,0.5919104040867
2020,1,34,2,0.198691879182574,0.202908528502544
2020,2,34,2,0.656849735333263,0.418742125833232
2020,3,34,2,1.3951472984698,0.946314795958992
2020,4,34,2,0.501024638732369,0.357364146092713
2021,1,34,2,0.237639609200057,0.186933937489733
2021,2,34,2,0.931191807343062,0.955978362074661
2021,3,34,2,2.3921678379646,2.0297243588165
2021,4,34,2,0.815462371187293,0.421430669601734
2022,1,34,2,0.123563510504596,0.157551955330342
2022,2,34,2,0.466125671445693,0.425921594551799
2022,3,34,2,1.14923901815942,1.07836930790467
2022,4,34,2,0.399157181926787,0.36240242983249
2023,1,34,2,0.222017293831949,0.186747096988064
2023,2,34,2,0.759192432094049,0.871534349997158
2023,3,34,2,1.62938069352584,1.83785659760472
2023,4,34,2,0.580015761970338,0.470433814695214
2024,1,34,2,NA,NA
2024,2,34,2,NA,NA
2024,3,34,2,NA,NA
2024,4,34,2,NA,NA
1972,1,35,3,1.67581564668743,1.38874435894825
1972,2,35,3,3.50082970859587,2.36647143565559
1972,3,35,3,2.68263628647227,1.84725360826167
1972,4,35,3,1.68051450583104,1.43447653687974
1973,1,35,3,1.3081317836685,1.4563014963397
1973,2,35,3,2.78709546056585,2.46009508097452
1973,3,35,3,2.19921394765895,1.9012280129478
1973,4,35,3,1.31455735921206,1.25721631109244
1974,1,35,3,1.3911072322317,1.13099751504419
1974,2,35,3,3.04043318398917,3.78482632210837
1974,3,35,3,2.4212888959042,2.57229886736545
1974,4,35,3,1.41609063359597,1.49167552263038
1975,1,35,3,1.26921677801231,1.41750743251096
1975,2,35,3,2.7052653402458,2.46378799258727
1975,3,35,3,2.1178469860019,1.90789396961245
1975,4,35,3,1.25822248655784,1.33109245525229
1976,1,35,3,1.64049823905704,1.46726481863031
1976,2,35,3,3.49034295746184,3.02224520339094
1976,3,35,3,2.74285678634492,2.18387320526503
1976,4,35,3,1.67849909791064,1.33642748802547
1977,1,35,3,1.20816176261856,1.15119438608211
1977,2,35,3,2.59192281530307,2.34362763428056
1977,3,35,3,2.10286352662504,2.07031340665918
1977,4,35,3,1.22605291834985,1.29265727140254
1978,1,35,3,1.21920621068128,1.2544534754416
1978,2,35,3,2.71285069774322,2.55614432474142
1978,3,35,3,2.09992157753265,2.45542533798133
1978,4,35,3,1.24458233532716,1.4589251996577
1979,1,35,3,1.17409777314062,1.2641500511097
1979,2,35,3,2.52363418614231,2.66818909305421
1979,3,35,3,1.99790673508456,1.89344893609944
1979,4,35,3,1.15465315479935,1.11851286064505
1980,1,35,3,1.24495576603956,1.15107927239928
1980,2,35,3,2.64296131833372,2.43439922196436
1980,3,35,3,2.20009380919859,2.10223276218645
1980,4,35,3,1.28030713709066,1.10893489433078
1981,1,35,3,1.15165495594437,0.886477087345378
1981,2,35,3,2.47836730843314,1.74717465430745
1981,3,35,3,1.90713096463578,1.96305120494507
1981,4,35,3,1.13780389886679,1.18827182061499
1982,1,35,3,1.03486398228594,0.99565745622919
1982,2,35,3,2.21466245197633,1.93672809445515
1982,3,35,3,1.69740395740201,1.75821660023805
1982,4,35,3,1.02840596842969,1.08803139095692
1983,1,35,3,1.10671924093406,1.19100799119237
1983,2,35,3,2.30735073866405,2.31197005792086
1983,3,35,3,1.87535879790825,1.95756234955482
1983,4,35,3,1.12569429904342,1.18518632676156
1984,1,35,3,1.16614099199925,1.203338767988
1984,2,35,3,2.53755241420776,2.39384294166907
1984,3,35,3,2.00210674769798,1.9941143162267
1984,4,35,3,1.17821431509272,1.18767783321391
1985,1,35,3,0.915083464348042,1.14545278012825
1985,2,35,3,1.95560576566027,1.99850619701988
1985,3,35,3,1.55208625982395,1.46038485456317
1985,4,35,3,0.918420437765426,0.81603339468203
1986,1,35,3,1.01303421438278,0.901225297421205
1986,2,35,3,2.20317609762993,2.10055164851183
1986,3,35,3,1.72426349518983,1.88853236318005
1986,4,35,3,1.03390200617064,1.13416874573742
1987,1,35,3,0.971571903535713,1.00959170838631
1987,2,35,3,2.1327239234375,1.77624218375488
1987,3,35,3,1.68775627685545,1.59360699934848
1987,4,35,3,0.997586916179031,1.0940211100279
1988,1,35,3,1.12265902390138,1.15823813342513
1988,2,35,3,2.38071294607628,1.91956769148054
1988,3,35,3,1.88891010742585,1.59727651377093
1988,4,35,3,1.13314845306683,1.00698729804753
1989,1,35,3,1.088172844232,1.18625347460014
1989,2,35,3,2.29263084783113,2.4113819345797
1989,3,35,3,1.79912421630007,2.19021562963064
1989,4,35,3,1.07938345162698,1.17503742717063
1990,1,35,3,0.808802920805202,0.998976524109089
1990,2,35,3,1.71001133645767,1.24932074547881
1990,3,35,3,1.37108171323958,1.23404821889579
1990,4,35,3,0.817421831289724,1.00872383275711
1991,1,35,3,0.830439666307508,0.947479479291433
1991,2,35,3,1.74263790054185,1.30904779648415
1991,3,35,3,1.41850003508409,1.12930229050789
1991,4,35,3,0.81513625146711,0.986778186362923
1992,1,35,3,1.0188351857589,0.943366894912569
1992,2,35,3,2.10349448032135,1.23109005438777
1992,3,35,3,1.7077897660539,1.00422289138304
1992,4,35,3,0.98089486148236,0.826959133943362
1993,1,35,3,0.794374711672446,0.761549580325617
1993,2,35,3,1.64657932561418,1.2891718042678
1993,3,35,3,1.34447015683205,1.07931869056273
1993,4,35,3,0.79596505090491,0.819467942441205
1994,1,35,3,0.718348824439439,0.810179055153348
1994,2,35,3,1.49960239054483,1.3668379411738
1994,3,35,3,1.18471234703312,1.125469182696
1994,4,35,3,0.705675343961038,0.775226526561852
1995,1,35,3,0.666243539739584,0.719427156222749
1995,2,35,3,1.37850558089375,1.2557085563529
1995,3,35,3,1.16206663281506,1.07889783834493
1995,4,35,3,0.678615897498692,0.839708895654782
1996,1,35,3,0.66797802679899,0.742895418419357
1996,2,35,3,1.42717933023528,1.161253470812
1996,3,35,3,1.11493934017314,1.06203831465657
1996,4,35,3,0.667310382649902,0.736165736604348
1997,1,35,3,0.631536209474555,0.709709178929674
1997,2,35,3,1.3385674835462,1.44990784610142
1997,3,35,3,1.06101924710519,1.36151765450568
1997,4,35,3,0.619092860862861,0.828697572846615
1998,1,35,3,0.658889128939672,0.681812899285991
1998,2,35,3,1.42660857266231,1.53433950724686
1998,3,35,3,1.18483082419158,1.37933293242293
1998,4,35,3,0.681949275503015,0.812857062316882
1999,1,35,3,0.631978439583667,0.790017643678667
1999,2,35,3,1.35323767642117,1.52622901963591
1999,3,35,3,1.0685258625252,1.18862835563875
1999,4,35,3,0.632863829027081,0.796602077722387
2000,1,35,3,0.778255813284933,0.705887078322792
2000,2,35,3,1.67514545447613,1.81593411638989
2000,3,35,3,1.32538104602487,1.83748906303988
2000,4,35,3,0.790175663008809,0.935915578951595
2001,1,35,3,0.38427378449058,0.715266556120496
2001,2,35,3,0.827455458306147,1.34352935704061
2001,3,35,3,0.666443442785463,1.12918936592516
2001,4,35,3,0.382739759448069,0.6831778896199
2002,1,35,3,0.706452013929563,0.557105861812174
2002,2,35,3,1.50065247970654,1.72271235616142
2002,3,35,3,1.20261698128487,1.59392575262262
2002,4,35,3,0.715195033041097,0.869706048250898
2003,1,35,3,1.00334357732598,0.651550742370774
2003,2,35,3,2.11848243541035,1.60994497275623
2003,3,35,3,1.71309212874453,1.23676611356528
2003,4,35,3,1.00816112186937,0.714694571699874
2004,1,35,3,0.615697196764285,0.607501885541642
2004,2,35,3,1.28543862176639,1.31732083029547
2004,3,35,3,1.02625884448177,1.15731191345578
2004,4,35,3,0.609631867434995,0.728185103540321
2005,1,35,3,0.601036268106883,0.662125608570919
2005,2,35,3,1.27074075234765,1.57459799747502
2005,3,35,3,1.00274877096214,1.27074075234765
2005,4,35,3,0.603928177223212,0.709070728014645
2006,1,35,3,0.640183772061647,0.578625393251449
2006,2,35,3,1.33656113745663,1.36547178642384
2006,3,35,3,1.04857279845633,1.04831068802189
2006,4,35,3,0.637500638743162,0.627068182651926
2007,1,35,3,0.465194351732954,0.587899067340852
2007,2,35,3,0.975709871078267,1.29757871385239
2007,3,35,3,0.800434959251995,1.18981757850672
2007,4,35,3,0.463522662912017,0.706452013929563
2008,1,35,3,0.514479278265083,0.569498004529542
2008,2,35,3,1.08546666444192,1.12445671610988
2008,3,35,3,0.866927437045505,0.920351147220125
2008,4,35,3,0.522620343068987,0.554216430363367
2009,1,35,3,0.476923108118851,0.474212379318947
2009,2,35,3,0.998697848535913,1.00573136176682
2009,3,35,3,0.808883805141432,0.858816500263596
2009,4,35,3,0.467292443481658,0.49267773511034
2010,1,35,3,0.507377488083333,0.430891052178776
2010,2,35,3,1.09695701896351,1.07169338469837
2010,3,35,3,0.886033959592876,0.834602262457348
2010,4,35,3,0.511606246304474,0.49673430173112
2011,1,35,3,0.433484170066162,0.409876247586525
2011,2,35,3,0.931918420295001,1.00914859489686
2011,3,35,3,0.72462572413424,0.891455284978201
2011,4,35,3,0.431667354535217,0.56332418472395
2012,1,35,3,0.414907365222184,0.450543791599431
2012,2,35,3,0.895028247278767,0.85847304235965
2012,3,35,3,0.691771209598116,0.733593660285451
2012,4,35,3,0.409098222074403,0.549305788901919
2013,1,35,3,0.571551892125322,0.531315113322512
2013,2,35,3,1.22286932123182,1.27061368462591
2013,3,35,3,0.996760259322129,0.924261720641433
2013,4,35,3,0.559562528307015,0.530624852441977
2014,1,35,3,0.505099418886891,0.443614205854688
2014,2,35,3,1.12772237350113,1.08708521529288
2014,3,35,3,0.884617438776371,0.860449802760116
2014,4,35,3,0.510992687018108,0.496237815713772
2015,1,35,3,0.623878276096238,0.414078379753536
2015,2,35,3,1.34904913521746,0.848402592961764
2015,3,35,3,1.05639270934305,0.663716618479695
2015,4,35,3,0.632294507813932,0.379690056449544
2016,1,35,3,0.440651925396386,0.323033256422253
2016,2,35,3,0.972689853923045,0.72065122254991
2016,3,35,3,0.791836775458741,0.573269122359126
2016,4,35,3,0.44843120424811,0.399596496405572
2017,1,35,3,0.390081339025713,0.375123490208043
2017,2,35,3,0.841810794172327,0.685093468269434
2017,3,35,3,0.698583895086968,0.666910116512161
2017,4,35,3,0.396571074199624,0.439859465358671
2018,1,35,3,0.481090440771104,0.437097061435913
2018,2,35,3,1.0424044335154,0.93318669157559
2018,3,35,3,0.794057025329282,0.785920214480323
2018,4,35,3,0.478595263562301,0.452440054889552
2019,1,35,3,0.345418000392331,0.387902988601111
2019,2,35,3,0.774684057879448,0.906585440551896
2019,3,35,3,0.609144356971233,0.639735800229637
2019,4,35,3,0.352395906869619,0.432272112063059
2020,1,35,3,0.225147395532674,0.363491269564957
2020,2,35,3,0.536011319319995,0.606955379809123
2020,3,35,3,0.436354627678968,0.486217122855582
2020,4,35,3,0.235275055580734,0.323033256422253
2021,1,35,3,0.32465246735835,0.348540793887764
2021,2,35,3,0.729205276639818,0.933009402947144
2021,3,35,3,0.574416807906831,0.646100638617197
2021,4,35,3,0.329558961075189,0.402282781939087
2022,1,35,3,0.388291085605873,0.48123478955457
2022,2,35,3,0.865887748059205,0.816115002101801
2022,3,35,3,0.705675343961038,0.587428936164523
2022,4,35,3,0.398758224256941,0.34958798627261
2023,1,35,3,0.53880583763109,0.475019225989143
2023,2,35,3,1.14636950899501,1.05376556365056
2023,3,35,3,0.915412953699732,0.729205276639818
2023,4,35,3,0.542970656556054,0.454162597856978
2024,1,35,3,NA,NA
2024,2,35,3,NA,NA
2024,3,35,3,NA,NA
2024,4,35,3,NA,NA
1972,1,36,4,1.46447966221138,1.40790108058289
1972,2,36,4,3.01922446880657,2.00852375102008
1972,3,36,4,2.3534915701098,2.19855428242938
1972,4,36,4,1.43232643505393,1.54805607705634
1973,1,36,4,1.67984243445194,1.586610532067
1973,2,36,4,3.28379576916863,2.17689598052166
1973,3,36,4,2.55614432474142,2.25376015195998
1973,4,36,4,1.60914020147944,1.52226597837102
1974,1,36,4,1.37231624223622,1.54449963955004
1974,2,36,4,2.8547948952945,2.38476360016506
1974,3,36,4,2.22865886784064,2.4179014632061
1974,4,36,4,1.3437980897844,1.47506196635872
1975,1,36,4,1.31179968532874,1.41935139048622
1975,2,36,4,2.64931204331935,1.85781301956137
1975,3,36,4,2.0875685175862,1.8356524924152
1975,4,36,4,1.25948133836539,1.17245518633727
1976,1,36,4,1.05803138769018,1.21397487939822
1976,2,36,4,2.13229742130444,1.7386344391161
1976,3,36,4,1.65202201288346,1.30590984881601
1976,4,36,4,1.01953842462658,1.00359645176831
1977,1,36,4,1.13848678605178,1.07937265784643
1977,2,36,4,2.3307730647624,1.72081841442857
1977,3,36,4,1.85354495976665,1.37204180643226
1977,4,36,4,1.12209783469842,0.921069301158582
1978,1,36,4,1.12153692601992,1.20249672559963
1978,2,36,4,2.30896644961398,2.27777707438156
1978,3,36,4,1.80434924916311,1.89913781195487
1978,4,36,4,1.10705130651369,1.2080409524829
1979,1,36,4,1.09035136771778,1.24719870445742
1979,2,36,4,2.23044250829596,1.7867529890245
1979,3,36,4,1.76614640361518,1.25847415622128
1979,4,36,4,1.06680692000656,0.805332534922672
1980,1,36,4,0.974988112857147,0.894401946736435
1980,2,36,4,2.02141952548736,1.53249940412085
1980,3,36,4,1.5966377309305,1.22360326298506
1980,4,36,4,0.97245643636933,0.970620229466708
1981,1,36,4,0.879237697293031,0.882673419616227
1981,2,36,4,1.81303094496016,1.21555407299487
1981,3,36,4,1.42689392291092,1.13848678605178
1981,4,36,4,0.85513151770291,0.871272928907283
1982,1,36,4,0.837026121915969,0.829277864225896
1982,2,36,4,1.72167903877394,1.11282296661836
1982,3,36,4,1.35513353596018,0.953038478464307
1982,4,36,4,0.822176653566463,0.755859323608916
1983,1,36,4,1.13020609381341,0.89395485754468
1983,2,36,4,2.29538365620321,1.52165719374471
1983,3,36,4,1.80182492765165,1.20418140001239
1983,4,36,4,1.16462599367192,1.09296042406703
1984,1,36,4,1.05107137384195,1.2602372539204
1984,2,36,4,2.12463495130921,1.75645926245315
1984,3,36,4,1.67414066866933,1.61995763877811
1984,4,36,4,1.01871293287193,1.0144737447919
1985,1,36,4,1.11873658558892,1.17668363164292
1985,2,36,4,2.25038204594495,1.76915140602968
1985,3,36,4,1.77873066434209,1.14625487777577
1985,4,36,4,1.09746173526808,0.798835689136697
1986,1,36,4,1.43275619744558,0.937929962132303
1986,2,36,4,2.87484856552161,1.70676539953496
1986,3,36,4,2.25511281380913,2.07072751074954
1986,4,36,4,1.39822000126018,1.33896911403282
1987,1,36,4,1.48631514521746,1.34245496336975
1987,2,36,4,2.93292435891914,1.65466736382049
1987,3,36,4,2.38238002854933,1.62905484997257
1987,4,36,4,1.46462611750025,1.2043018241735
1988,1,36,4,1.29265727140254,1.21458201861007
1988,2,36,4,2.57796415440439,1.65483283883048
1988,3,36,4,2.071141697669,1.69096606211186
1988,4,36,4,1.25345031397933,1.07959934990641
1989,1,36,4,0.890831484634309,1.155923972091
1989,2,36,4,1.79984400993572,1.6634603817633
1989,3,36,4,1.40804187773069,1.3714930994584
1989,4,36,4,0.860535852042785,0.904566007524161
1990,1,36,4,0.743564325258861,0.919238195803385
1990,2,36,4,1.51285712688439,1.10727273891749
1990,3,36,4,1.19709764737139,1.0802148969501
1990,4,36,4,0.730957471096048,0.803161069875359
1991,1,36,4,1.01894726379351,0.824399530063967
1991,2,36,4,2.17080919724948,1.24060603732402
1991,3,36,4,1.71394888898112,1.35554013700808
1991,4,36,4,1.01795936415642,1.06619901333202
1992,1,36,4,1.25107101942836,1.04090445137748
1992,2,36,4,2.5130571498849,1.16195043196192
1992,3,36,4,2.009126398538,1.21106483313999
1992,4,36,4,1.21409628295623,1.02153867954833
1993,1,36,4,0.882585156687485,1.00700945201178
1993,2,36,4,1.8009242403784,1.23998588935527
1993,3,36,4,1.43189680157166,1.48171470263747
1993,4,36,4,0.871534349997158,0.981297110831049
1994,1,36,4,0.916191385497023,0.95246682688985
1994,2,36,4,1.85465742044734,1.13009307885487
1994,3,36,4,1.47344029028109,0.989574723864463
1994,4,36,4,0.893329308112243,0.713837452588155
1995,1,36,4,0.808236956871125,0.794454153115619
1995,2,36,4,1.65185681894201,1.19817552022405
1995,3,36,4,1.30996445073325,1.0445539999417
1995,4,36,4,0.791757595740247,0.922719491687565
1996,1,36,4,0.84857229044954,1.05751307930613
1996,2,36,4,1.74630128534073,1.6033577114812
1996,3,36,4,1.38430747979241,1.15881739729574
1996,4,36,4,0.830439666307508,0.801075563426901
1997,1,36,4,0.710845622528399,0.812125820069168
1997,2,36,4,1.43878642809478,1.27061368462591
1997,3,36,4,1.14430789988365,1.54095137245043
1997,4,36,4,0.697606561926689,0.994008023923995
1998,1,36,4,0.789306947660537,1.08852111526255
1998,2,36,4,1.61494354595722,1.57003827807108
1998,3,36,4,1.27583389485119,1.22666609809118
1998,4,36,4,0.775924544496712,0.947365788575498
1999,1,36,4,0.811719858657943,1.15280718691978
1999,2,36,4,1.64033419743536,1.8843821588797
1999,3,36,4,1.2755787535872,1.36247105051351
1999,4,36,4,0.782704538241868,1.0176031407217
2000,1,36,4,0.69011294940328,0.969320469392959
2000,2,36,4,1.40242095955068,1.21033841218819
2000,3,36,4,1.11371358118999,0.953686765022112
2000,4,36,4,0.668044827941671,0.681676550341482
2001,1,36,4,0.682972966992945,0.771128694817533
2001,2,36,4,1.39500779071546,1.19339239077954
2001,3,36,4,1.11193306425348,1.28133179260789
2001,4,36,4,0.663053233608933,0.792549749346778
2002,1,36,4,0.732860433299761,0.80985504833697
2002,2,36,4,1.47934585469696,1.14008178379015
2002,3,36,4,1.18104542542241,1.12075212488415
2002,4,36,4,0.725931225036008,0.711272257879723
2003,1,36,4,0.663583888429446,0.772363488300605
2003,2,36,4,1.35283176600785,1.2872394961548
2003,3,36,4,1.07812131148454,1.39333478537057
2003,4,36,4,0.659482396085888,0.854362245561367
2004,1,36,4,0.774374246222759,0.84021287217001
2004,2,36,4,1.56142677089459,1.12501908504845
2004,3,36,4,1.24757292019831,0.995508118811342
2004,4,36,4,0.750511728837068,0.650444047066281
2005,1,36,4,0.626817405537632,0.753972035393126
2005,2,36,4,1.30800097703058,1.24669992473823
2005,3,36,4,1.03627235477806,1.49990234101698
2005,4,36,4,0.622071649969586,0.946466218439821
2006,1,36,4,0.771823023043703,1.00803813371493
2006,2,36,4,1.53771876998885,1.49765417405221
2006,3,36,4,1.21604039188136,1.15928101697241
2006,4,36,4,0.74841323525835,0.723394906894288
2007,1,36,4,0.791361815895584,0.777322466429106
2007,2,36,4,1.58962795772456,1.24832168855847
2007,3,36,4,1.26858232824896,0.9856834702559
2007,4,36,4,0.772981626313483,0.648041850895557
2008,1,36,4,0.457764691917716,0.665045380035289
2008,2,36,4,0.959023212011564,1.05073508481144
2008,3,36,4,0.740373863069923,1.00685740506436
2008,4,36,4,0.446685728441754,0.620270255469177
2009,1,36,4,0.330879836909992,0.587722724073462
2009,2,36,4,0.707512487106502,0.754424554356475
2009,3,36,4,0.555437048698018,0.627695564473207
2009,4,36,4,0.328243358190794,0.411848382913226
2010,1,36,4,0.491251039387194,0.564564862175132
2010,2,36,4,1.02615622372844,1.18317322163025
2010,3,36,4,0.796363132942579,0.93594365684013
2010,4,36,4,0.481090440771104,0.652333072565856
2011,1,36,4,0.413499075629388,0.675163766837126
2011,2,36,4,0.877919829395115,1.10583421959705
2011,3,36,4,0.673949565166157,0.877656492948738
2011,4,36,4,0.402564478468728,0.54766034094124
2012,1,36,4,0.455117341442374,0.579204308053859
2012,2,36,4,0.933578712304643,0.885591053348867
2012,3,36,4,0.724046255373342,0.733887156444884
2012,4,36,4,0.443082188082168,0.527978349949543
2013,1,36,4,0.518248718714617,0.76299789999622
2013,2,36,4,1.06851517732,1.59456345045473
2013,3,36,4,0.845015760770075,1.07509604309201
2013,4,36,4,0.507174577672888,0.671192028761453
2014,1,36,4,0.464682919285463,0.648236292615625
2014,2,36,4,0.980590831202428,1.09932900694927
2014,3,36,4,0.785370262835719,0.789780673932803
2014,4,36,4,0.465939258462197,0.477782342792678
2015,1,36,4,0.442020065887223,0.440563803823758
2015,2,36,4,0.920728568556572,0.883644894591084
2015,3,36,4,0.74304401236194,0.714123044683802
2015,4,36,4,0.438585720731522,0.451129879403042
2016,1,36,4,0.392389621663808,0.409220969952286
2016,2,36,4,0.824069836195111,0.769895875424341
2016,3,36,4,0.655275186183226,0.581525765104901
2016,4,36,4,0.391879846581242,0.396055866760558
2017,1,36,4,0.351340303345998,0.405919668416738
2017,2,36,4,0.738156069833912,0.689423181395361
2017,3,36,4,0.586724444220831,0.492382217133532
2017,4,36,4,0.348889509010153,0.34958798627261
2018,1,36,4,0.441136909206515,0.445214095068469
2018,2,36,4,0.897089181413234,0.845607478879791
2018,3,36,4,0.711414526557692,0.658098936195414
2018,4,36,4,0.437009650764984,0.451084768670676
2019,1,36,4,0.539075307911862,0.625627583156311
2019,2,36,4,1.09329929432067,1.43519395448763
2019,3,36,4,0.891366143906831,1.07412889193653
2019,4,36,4,0.537245564191938,0.719355217104142
2020,1,36,4,0.439244092968352,0.623441714117489
2020,2,36,4,0.934139027609807,0.892525673424796
2020,3,36,4,0.742449814862741,0.568815016798703
2020,4,36,4,0.438541864352305,0.343008517418707
2021,1,36,4,0.338578265720835,0.527714426760863
2021,2,36,4,0.727602788414595,1.56831218549017
2021,3,36,4,0.56716784280667,1.08433836592783
2021,4,36,4,0.335209355687995,0.669917974641498
2022,1,36,4,0.264741870843845,0.559618487357752
2022,2,36,4,0.563098900109987,0.898435824915485
2022,3,36,4,0.442550808348075,0.587663954739571
2022,4,36,4,0.262895148815812,0.367879441171442
2023,1,36,4,0.444991543663423,0.575221554629164
2023,2,36,4,0.893597347108516,1.39528682017562
2023,3,36,4,0.70687601232472,0.924733214339633
2023,4,36,4,0.436180120731612,0.585376528696183
2024,1,36,4,NA,NA
2024,2,36,4,NA,NA
2024,3,36,4,NA,NA
2024,4,36,4,NA,NA
1972,1,37,5,NA,NA
1972,2,37,5,NA,NA
1972,3,37,5,NA,NA
1972,4,37,5,NA,NA
1973,1,37,5,NA,NA
1973,2,37,5,NA,NA
1973,3,37,5,NA,NA
1973,4,37,5,NA,NA
1974,1,37,5,NA,NA
1974,2,37,5,NA,NA
1974,3,37,5,NA,NA
1974,4,37,5,NA,NA
1975,1,37,5,NA,NA
1975,2,37,5,NA,NA
1975,3,37,5,NA,NA
1975,4,37,5,NA,NA
1976,1,37,5,NA,NA
1976,2,37,5,NA,NA
1976,3,37,5,NA,NA
1976,4,37,5,NA,NA
1977,1,37,5,NA,NA
1977,2,37,5,NA,NA
1977,3,37,5,NA,NA
1977,4,37,5,NA,NA
1978,1,37,5,NA,NA
1978,2,37,5,NA,NA
1978,3,37,5,NA,NA
1978,4,37,5,NA,NA
1979,1,37,5,NA,NA
1979,2,37,5,NA,NA
1979,3,37,5,NA,NA
1979,4,37,5,NA,NA
1980,1,37,5,NA,NA
1980,2,37,5,NA,NA
1980,3,37,5,NA,NA
1980,4,37,5,NA,NA
1981,1,37,5,NA,NA
1981,2,37,5,NA,NA
1981,3,37,5,NA,NA
1981,4,37,5,NA,NA
1982,1,37,5,NA,NA
1982,2,37,5,NA,NA
1982,3,37,5,NA,NA
1982,4,37,5,NA,NA
1983,1,37,5,NA,NA
1983,2,37,5,NA,NA
1983,3,37,5,NA,NA
1983,4,37,5,NA,NA
1984,1,37,5,NA,NA
1984,2,37,5,NA,NA
1984,3,37,5,NA,NA
1984,4,37,5,NA,NA
1985,1,37,5,NA,NA
1985,2,37,5,NA,NA
1985,3,37,5,NA,NA
1985,4,37,5,NA,NA
1986,1,37,5,NA,NA
1986,2,37,5,NA,NA
1986,3,37,5,NA,NA
1986,4,37,5,NA,NA
1987,1,37,5,NA,NA
1987,2,37,5,NA,NA
1987,3,37,5,NA,NA
1987,4,37,5,NA,NA
1988,1,37,5,NA,NA
1988,2,37,5,NA,NA
1988,3,37,5,NA,NA
1988,4,37,5,NA,NA
1989,1,37,5,NA,NA
1989,2,37,5,NA,NA
1989,3,37,5,NA,NA
1989,4,37,5,NA,NA
1990,1,37,5,NA,NA
1990,2,37,5,NA,NA
1990,3,37,5,NA,NA
1990,4,37,5,NA,NA
1991,1,37,5,NA,NA
1991,2,37,5,NA,NA
1991,3,37,5,NA,NA
1991,4,37,5,NA,NA
1992,1,37,5,NA,NA
1992,2,37,5,NA,NA
1992,3,37,5,NA,NA
1992,4,37,5,NA,NA
1993,1,37,5,NA,NA
1993,2,37,5,NA,NA
1993,3,37,5,NA,NA
1993,4,37,5,NA,NA
1994,1,37,5,NA,NA
1994,2,37,5,NA,NA
1994,3,37,5,NA,NA
1994,4,37,5,NA,NA
1995,1,37,5,NA,NA
1995,2,37,5,NA,NA
1995,3,37,5,NA,NA
1995,4,37,5,NA,NA
1996,1,37,5,NA,NA
1996,2,37,5,NA,NA
1996,3,37,5,NA,NA
1996,4,37,5,NA,NA
1997,1,37,5,NA,NA
1997,2,37,5,NA,NA
1997,3,37,5,NA,NA
1997,4,37,5,NA,NA
1998,1,37,5,NA,NA
1998,2,37,5,NA,NA
1998,3,37,5,NA,NA
1998,4,37,5,NA,NA
1999,1,37,5,NA,NA
1999,2,37,5,NA,NA
1999,3,37,5,NA,NA
1999,4,37,5,NA,NA
2000,1,37,5,NA,NA
2000,2,37,5,NA,NA
2000,3,37,5,NA,NA
2000,4,37,5,NA,NA
2001,1,37,5,NA,NA
2001,2,37,5,NA,NA
2001,3,37,5,NA,NA
2001,4,37,5,NA,NA
2002,1,37,5,NA,NA
2002,2,37,5,NA,NA
2002,3,37,5,NA,NA
2002,4,37,5,NA,NA
2003,1,37,5,NA,NA
2003,2,37,5,NA,NA
2003,3,37,5,NA,NA
2003,4,37,5,NA,NA
2004,1,37,5,NA,NA
2004,2,37,5,NA,NA
2004,3,37,5,NA,NA
2004,4,37,5,NA,NA
2005,1,37,5,1.7726932495046,2.14062961847095
2005,2,37,5,2.61928138600353,1.76191273468139
2005,3,37,5,1.51315972856893,1.76579320965503
2005,4,37,5,1.5807509200654,2.22643132293088
2006,1,37,5,1.95013772834111,1.97862072810621
2006,2,37,5,2.03602626724011,1.6352570350909
2006,3,37,5,3.48336924758137,1.94410166211978
2006,4,37,5,2.3254184468845,1.87517127140494
2007,1,37,5,1.74281217304538,1.54697281698766
2007,2,37,5,2.7264489184541,1.43864255664566
2007,3,37,5,2.39145029525,1.74612666394341
2007,4,37,5,1.19255730841892,1.96010883546646
2008,1,37,5,1.7867529890245,1.32511599632152
2008,2,37,5,2.02566896684264,1.29809784915807
2008,3,37,5,3.01620675344692,1.54542661739931
2008,4,37,5,2.68129530360268,1.7851456347523
2009,1,37,5,2.2217607229991,1.69638582049918
2009,2,37,5,2.83204764644607,1.64921596128122
2009,3,37,5,1.42077145178902,1.79804506554789
2009,4,37,5,1.54172204078769,1.91400900916032
2010,1,37,5,1.48482957298216,1.32312981233744
2010,2,37,5,1.33082626338132,1.25533190028723
2010,3,37,5,1.47757170437442,1.43032258106994
2010,4,37,5,1.88419373008541,1.79301758112716
2011,1,37,5,1.01929376476503,1.45571909222975
2011,2,37,5,0.689216385461883,1.0896864562021
2011,3,37,5,0.539722586570878,1.14122243580489
2011,4,37,5,0.722382862620928,1.35377907976519
2012,1,37,5,2.74011530052994,0.914873019353344
2012,2,37,5,1.73342635183574,0.945595869940554
2012,3,37,5,1.37355188280908,1.65235245032868
2012,4,37,5,1.41156638622495,2.28850782413957
2013,1,37,5,1.28094745072427,1.63640211574694
2013,2,37,5,1.48765343098642,1.38264730711948
2013,3,37,5,1.2359006802228,1.53648908691168
2013,4,37,5,1.4145337903198,1.95775811557792
2014,1,37,5,1.42561029609901,1.54496305895134
2014,2,37,5,1.86619201675353,1.44744509669315
2014,3,37,5,1.51968032463617,1.39500779071546
2014,4,37,5,1.07053658062954,1.2355299656287
2015,1,37,5,1.34460461057031,0.92245194183158
2015,2,37,5,0.84645350930338,0.883379840882751
2015,3,37,5,0.687839330205235,0.884528981455433
2015,4,37,5,0.738229889131799,1.11784195422071
2016,1,37,5,1.21082264439305,1.04783905433781
2016,2,37,5,0.774219386859966,0.703842971183586
2016,3,37,5,0.461441497064037,0.694266074014166
2016,4,37,5,0.522306864915996,0.98545678912707
2017,1,37,5,0.814077262831957,0.79429527817302
2017,2,37,5,0.510788330817266,0.603626288613042
2017,3,37,5,1.01577310259682,0.759420223990753
2017,4,37,5,0.933970897716982,1.07676373408543
2018,1,37,5,1.01259870331218,0.687220553299425
2018,2,37,5,0.638329928495075,0.515457718117299
2018,3,37,5,0.512886862022896,0.643328370519155
2018,4,37,5,0.698095057473533,0.960414804329593
2019,1,37,5,0.603928177223212,0.876954648529579
2019,2,37,5,0.510328828126757,0.497579468232045
2019,3,37,5,0.375912077264083,0.350638324951693
2019,4,37,5,0.40527071624745,0.362040208543487
2020,1,37,5,0.321422121334391,0.397563742203112
2020,2,37,5,0.613791490824675,0.555103886427475
2020,3,37,5,0.920029080683529,0.664380667067131
2020,4,37,5,0.486265746999035,0.837026121915969
2021,1,37,5,0.571894926160517,0.561412134822662
2021,2,37,5,0.568928791179122,0.371539535210765
2021,3,37,5,0.360594940173078,0.325302422031088
2021,4,37,5,0.238115364014687,0.436049286321536
2022,1,37,5,0.628009490730468,0.463476312963262
2022,2,37,5,0.734033948554895,0.37726779957822
2022,3,37,5,0.497181563840437,0.443392454194295
2022,4,37,5,0.371131066421055,0.785841626388346
2023,1,37,5,0.539183133755669,0.696282367841771
2023,2,37,5,0.411848382913226,0.483646988975482
2023,3,37,5,0.458772882843316,0.556326459314687
2023,4,37,5,0.713195287898282,0.923051730503971
2024,1,37,5,0.832934726024712,0.785684473778853
2024,2,37,5,0.85419139019836,0.532591801006897
2024,3,37,5,0.580944530005782,0.602842084281103
2024,4,37,5,0.726730188733019,0.982416427426634
1972,1,38,7,1.29226953238488,1.47712849934718
1972,2,38,7,2.52363418614231,2.25827218279072
1972,3,38,7,1.87011513782409,2.0378595157187
1972,4,38,7,1.22225803940439,1.43003654515827
1973,1,38,7,1.55690519271622,1.46184596985362
1973,2,38,7,2.98022857322402,2.10181235767587
1973,3,38,7,2.22598608119195,1.96305120494507
1973,4,38,7,1.43720463317058,1.53987308393473
1974,1,38,7,1.343260678038,1.76032772658081
1974,2,38,7,2.58519256909473,2.25940160121319
1974,3,38,7,1.9481885653567,1.91745732793266
1974,4,38,7,1.2701055407876,1.26908986268038
1975,1,38,7,0.969339855996213,1.28171624981137
1975,2,38,7,1.84245698718967,1.42832153051867
1975,3,38,7,1.38735630873009,1.31692569331989
1975,4,38,7,0.883998423249938,0.976744671889148
1976,1,38,7,1.32856578068826,1.47698079388264
1976,2,38,7,2.52540134850728,1.85577054880472
1976,3,38,7,1.91228717599323,1.8266797962608
1976,4,38,7,1.26756786822448,1.31179968532874
1977,1,38,7,1.1003408550144,1.31022646982443
1977,2,38,7,2.12038992784506,1.83620327077555
1977,3,38,7,1.60946206170469,1.58502471457583
1977,4,38,7,1.03099050965278,1.17738985366732
1978,1,38,7,1.35567569779971,1.22691145584576
1978,2,38,7,2.61169647342312,2.02404907971041
1978,3,38,7,2.00471117898353,1.89723962339537
1978,4,38,7,1.27941123569676,1.34124729743391
1979,1,38,7,1.10915670348982,1.38347714443005
1979,2,38,7,2.14234280734991,1.71309212874453
1979,3,38,7,1.58915114086335,1.50832535655806
1979,4,38,7,1.03366423605383,1.13621208793602
1980,1,38,7,1.04912868933758,1.38943890474971
1980,2,38,7,1.99431373762923,1.81393768709928
1980,3,38,7,1.48988658558013,1.46272334062044
1980,4,38,7,0.970765833421151,1.00676175815418
1981,1,38,7,0.915806665911882,0.955156574102755
1981,2,38,7,1.74542835294934,1.37561375665208
1981,3,38,7,1.30747788126589,1.31468882152099
1981,4,38,7,0.843327418153932,0.899514595038005
1982,1,38,7,0.948237766149168,0.965373698764876
1982,2,38,7,1.82741061433318,1.5686258792956
1982,3,38,7,1.3668379411738,1.3984996732267
1982,4,38,7,0.873279162928479,0.97311793162896
1983,1,38,7,1.12142477793482,1.08939228057442
1983,2,38,7,2.15523550360471,1.7501473773184
1983,3,38,7,1.62905484997257,1.57522796265865
1983,4,38,7,1.06765003045815,1.06165604967512
1984,1,38,7,1.32750335309141,1.18850949874613
1984,2,38,7,2.48830063106772,1.96875231605499
1984,3,38,7,1.90980281784711,1.75628362530891
1984,4,38,7,1.23676611356528,1.17104908394383
1985,1,38,7,0.901315424457224,1.11851286064505
1985,2,38,7,1.71944231021211,1.59951426695193
1985,3,38,7,1.30343097577837,1.34904913521746
1985,4,38,7,0.848232929410092,1.04559907639278
1986,1,38,7,1.19757658221092,1.34891423704895
1986,2,38,7,2.25398553924435,1.83859188729189
1986,3,38,7,1.69604657726053,1.56502218560959
1986,4,38,7,1.09627711640332,1.12277129541725
1987,1,38,7,0.915056012255895,1.14946888894936
1987,2,38,7,1.78585983583689,1.44527555660997
1987,3,38,7,1.3148202969768,1.23417162988813
1987,4,38,7,0.878183244854277,1.04605924121523
1988,1,38,7,1.21494644787731,1.38375386753032
1988,2,38,7,2.30135941883441,2.02384668492235
1988,3,38,7,1.73152063118723,1.81484488272284
1988,4,38,7,1.09134403905936,1.41750743251096
1989,1,38,7,1.0249153255925,1.10671924093406
1989,2,38,7,1.97407512987339,1.29550424792552
1989,3,38,7,1.48557217340328,1.03236263929456
1989,4,38,7,0.960491640587348,0.677802046829757
1990,1,38,7,0.697606561926689,0.565016694773814
1990,2,38,7,1.37547620215425,0.714194460559004
1990,3,38,7,1.0054638728022,0.61637483631415
1990,4,38,7,0.647847467499255,0.486898303542802
1991,1,38,7,0.957174082196638,0.51540617492269
1991,2,38,7,1.83345103056559,0.732494094675399
1991,3,38,7,1.36765829001854,0.600315457158221
1991,4,38,7,0.855815896632144,0.412425374449137
1992,1,38,7,0.734988813215569,0.444902554253928
1992,2,38,7,1.42532520255009,0.748562932874664
1992,3,38,7,1.09394453123049,0.64668239094123
1992,4,38,7,0.696282367841771,0.350638324951693
1993,1,38,7,0.690250985796339,0.392625126081066
1993,2,38,7,1.3392369346368,0.7869425751496
1993,3,38,7,0.995936279350349,0.798915576699922
1993,4,38,7,0.652333072565856,0.661265404533546
1994,1,38,7,0.914927913381309,0.828780446747526
1994,2,38,7,1.76879761112914,1.01800008334536
1994,3,38,7,1.32167516974397,0.9686034375801
1994,4,38,7,0.850271133307015,0.807832939405473
1995,1,38,7,0.855559190371018,0.921271958696349
1995,2,38,7,1.65334415928182,1.0026194247137
1995,3,38,7,1.24957063461598,0.863639364080014
1995,4,38,7,0.803562750822165,0.598876427587261
1996,1,38,7,0.625815299587314,0.562761142107455
1996,2,38,7,1.17962902092457,0.839121305108508
1996,3,38,7,0.889763127994934,0.837863566690485
1996,4,38,7,0.570181812337605,0.777477946469878
1997,1,38,7,0.590964104681563,0.840044846398713
1997,2,38,7,1.11315686359039,1.00132387555058
1997,3,38,7,0.815707046598125,0.824564426459069
1997,4,38,7,0.527714426760863,0.582806530113065
1998,1,38,7,0.394711563424256,0.585435069276033
1998,2,38,7,0.781922224925477,0.831436792062875
1998,3,38,7,0.59102320404695,0.919854291763673
1998,4,38,7,0.377418736883499,0.927901216127882
1999,1,38,7,0.593154722011817,0.914205405757826
1999,2,38,7,1.14316416394705,1.04783905433781
1999,3,38,7,0.853252296265497,0.871708674299006
1999,4,38,7,0.559394684726319,0.580247814682575
2000,1,38,7,0.513554048520788,0.657375425369507
2000,2,38,7,0.980983145992636,0.85402056900301
2000,3,38,7,0.740744142563617,0.837444739622632
2000,4,38,7,0.478547406428841,0.611463509126106
2001,1,38,7,0.374598684771276,0.672468505885361
2001,2,38,7,0.733887156444884,0.824976811760033
2001,3,38,7,0.548811636094026,0.818894515604304
2001,4,38,7,0.357006960569147,0.57527907966083
2002,1,38,7,0.690941582022699,0.641016552155105
2002,2,38,7,1.32976202812147,0.817340093193568
2002,3,38,7,0.9640327614909,0.796602077722387
2002,4,38,7,0.628700681255365,0.564734257041745
2003,1,38,7,0.710632400826495,0.781375070894282
2003,2,38,7,1.38666280396636,0.840549024544871
2003,3,38,7,1.03419153926511,0.703491137663704
2003,4,38,7,0.67146055927548,0.466358792556837
2004,1,38,7,0.443702937568734,0.552777339273527
2004,2,38,7,0.862603618414806,0.70096312272526
2004,3,38,7,0.634765271251418,0.690803407524205
2004,4,38,7,0.410820047910287,0.676583100526252
2005,1,38,7,0.566544301190345,0.803723479444656
2005,2,38,7,1.09939496866851,0.843580454332908
2005,3,38,7,0.81881263024708,0.705887078322792
2005,4,38,7,0.530200522314705,0.56332418472395
2006,1,38,7,0.515715511419312,0.673141310737605
2006,2,38,7,1.01359153645021,1.00497634105989
2006,3,38,7,0.741411112383323,0.921622108564915
2006,4,38,7,0.477830123415948,0.680178510378899
2007,1,38,7,0.390276428463521,0.835186688566343
2007,2,38,7,0.758737053262104,1.25495535720143
2007,3,38,7,0.57063814029432,1.32220394555998
2007,4,38,7,0.36240242983249,1.21385348797995
2008,1,38,7,0.385505430183054,1.23973791697547
2008,2,38,7,0.7598000290461,1.09594828259594
2008,3,38,7,0.573211798313141,0.916127254344654
2008,4,38,7,0.364948146454494,0.61835039499844
2009,1,38,7,0.285361066658127,0.56739475532327
2009,2,38,7,0.570809357417693,0.678344505421726
2009,3,38,7,0.426816969715229,0.64661772593544
2009,4,38,7,0.267937911183618,0.736681233022668
2010,1,38,7,NA,NA
2010,2,38,7,NA,NA
2010,3,38,7,NA,NA
2010,4,38,7,NA,NA
2011,1,38,7,NA,NA
2011,2,38,7,NA,NA
2011,3,38,7,NA,NA
2011,4,38,7,NA,NA
2012,1,38,7,NA,NA
2012,2,38,7,NA,NA
2012,3,38,7,NA,NA
2012,4,38,7,NA,NA
2013,1,38,7,NA,NA
2013,2,38,7,NA,NA
2013,3,38,7,NA,NA
2013,4,38,7,NA,NA
2014,1,38,7,NA,NA
2014,2,38,7,NA,NA
2014,3,38,7,NA,NA
2014,4,38,7,NA,NA
2015,1,38,7,NA,NA
2015,2,38,7,NA,NA
2015,3,38,7,NA,NA
2015,4,38,7,NA,NA
2016,1,38,7,NA,NA
2016,2,38,7,NA,NA
2016,3,38,7,NA,NA
2016,4,38,7,NA,NA
2017,1,38,7,NA,NA
2017,2,38,7,NA,NA
2017,3,38,7,NA,NA
2017,4,38,7,NA,NA
2018,1,38,7,NA,NA
2018,2,38,7,NA,NA
2018,3,38,7,NA,NA
2018,4,38,7,NA,NA
2019,1,38,7,NA,NA
2019,2,38,7,NA,NA
2019,3,38,7,NA,NA
2019,4,38,7,NA,NA
2020,1,38,7,NA,NA
2020,2,38,7,NA,NA
2020,3,38,7,NA,NA
2020,4,38,7,NA,NA
2021,1,38,7,NA,NA
2021,2,38,7,NA,NA
2021,3,38,7,NA,NA
2021,4,38,7,NA,NA
2022,1,38,7,NA,NA
2022,2,38,7,NA,NA
2022,3,38,7,NA,NA
2022,4,38,7,NA,NA
2023,1,38,7,NA,NA
2023,2,38,7,NA,NA
2023,3,38,7,NA,NA
2023,4,38,7,NA,NA
2024,1,38,7,NA,NA
2024,2,38,7,NA,NA
2024,3,38,7,NA,NA
2024,4,38,7,NA,NA
1972,1,39,8,NA,NA
1972,2,39,8,NA,NA
1972,3,39,8,NA,NA
1972,4,39,8,NA,NA
1973,1,39,8,NA,NA
1973,2,39,8,NA,NA
1973,3,39,8,NA,NA
1973,4,39,8,NA,NA
1974,1,39,8,NA,NA
1974,2,39,8,NA,NA
1974,3,39,8,NA,NA
1974,4,39,8,NA,NA
1975,1,39,8,0.886477087345378,0.851377204570864
1975,2,39,8,1.72547090217961,1.38361549906211
1975,3,39,8,1.27864381920332,1.12434427606036
1975,4,39,8,0.821272756482079,1.66479168251801
1976,1,39,8,1.14602564972378,1.41538276526101
1976,2,39,8,2.21577006008127,1.91803265142525
1976,3,39,8,1.68320548124662,1.49466185901658
1976,4,39,8,1.11159953436618,1.26490876873289
1977,1,39,8,0.947015328072916,0.994878161574634
1977,2,39,8,1.85076672652285,1.70284435005146
1977,3,39,8,1.36875285441794,1.27877168997867
1977,4,39,8,0.890742405939854,1.04014486840949
1978,1,39,8,1.1739803692336,1.12513159258224
1978,2,39,8,2.20053387196524,1.87892536679178
1978,3,39,8,1.65681983019346,1.5531731005557
1978,4,39,8,1.06477126346021,1.38043684027313
1979,1,39,8,0.851802999613039,1.10115540859476
1979,2,39,8,1.66246260489724,1.62238939860018
1979,3,39,8,1.23998588935527,1.21628362428217
1979,4,39,8,0.800194864780191,0.956303449979579
1980,1,39,8,0.902126973481516,1.20623024942098
1980,2,39,8,1.73846058436507,1.85113691688595
1980,3,39,8,1.2837686372832,1.31088174686495
1980,4,39,8,0.824564426459069,0.991141470047086
1981,1,39,8,0.839457020769207,0.886920436717157
1981,2,39,8,1.58518322497268,1.37121882826654
1981,3,39,8,1.17774312361126,1.12670787995555
1981,4,39,8,0.758054497110508,0.9737311890817
1982,1,39,8,0.776079744925137,0.946163397703822
1982,2,39,8,1.51937641896283,1.29110701301792
1982,3,39,8,1.12524411136734,1.06716969602779
1982,4,39,8,0.725786053308658,0.911703911558121
1983,1,39,8,0.849251419897458,0.852996358969132
1983,2,39,8,1.64493356930387,1.42133987404661
1983,3,39,8,1.21640525872621,1.22348090877658
1983,4,39,8,0.781453212308377,1.07635464159898
1984,1,39,8,0.89574455636202,0.973740926442278
1984,2,39,8,1.72340157893925,1.62791491060292
1984,3,39,8,1.29239876579968,1.4004589439387
1984,4,39,8,0.822587844682459,1.2209142947561
1985,1,39,8,0.726366914464788,0.795567167858509
1985,2,39,8,1.41580744378918,1.24097827496808
1985,3,39,8,1.05208088684956,1.00056365879595
1985,4,39,8,0.683041267704623,0.831603096051132
1986,1,39,8,1.16812511771466,1.40087914464884
1986,2,39,8,2.2449876049532,1.64082637151701
1986,3,39,8,1.7047185094352,1.22826180100086
1986,4,39,8,1.11037744714958,1.14282126613511
1987,1,39,8,0.904113837572307,1.21957202741425
1987,2,39,8,1.73915610769421,1.59951426695193
1987,3,39,8,1.28852737948529,1.12749685157938
1987,4,39,8,0.842905859843215,1.04114388693533
1988,1,39,8,1.13258202046025,1.87292241546269
1988,2,39,8,2.09635474351877,1.46199216176008
1988,3,39,8,1.53372589417476,1.08752013635741
1988,4,39,8,0.958409633521937,1.22813898096187
1989,1,39,8,0.564734257041745,0.948361045071723
1989,2,39,8,1.09657315118765,1.04718959547717
1989,3,39,8,0.816686482598111,0.708858038701232
1989,4,39,8,0.531261984467667,0.575106521821902
1990,1,39,8,0.438147354230572,0.471517057720963
1990,2,39,8,0.856329540247798,0.771900209205252
1990,3,39,8,0.638202275275124,0.609997756311142
1990,4,39,8,0.409753303154836,0.602962664755605
1991,1,39,8,0.887186552763584,0.685093468269434
1991,2,39,8,1.72357392771444,1.55877460036775
1991,3,39,8,1.28492454913907,1.03627235477806
1991,4,39,8,0.830273594981933,0.765290330622826
1992,1,39,8,0.708362011703845,0.510022722670701
1992,2,39,8,1.36984829481921,0.59606831261705
1992,3,39,8,1.02373735043361,0.540154537397428
1992,4,39,8,0.652006987557619,0.625690149042869
1993,1,39,8,0.646488415321745,0.425198142949154
1993,2,39,8,1.25482986794028,0.356650132052572
1993,3,39,8,0.942555948140038,0.352043687101985
1993,4,39,8,0.608535517084942,0.58625525236722
1994,1,39,8,0.639160297024719,0.874065467959303
1994,2,39,8,1.24869624124513,0.761549580325617
1994,3,39,8,0.942367455800272,0.60634872780587
1994,4,39,8,0.60786649604518,0.823575542596302
1995,1,39,8,0.763150514837194,1.2109437327118
1995,2,39,8,1.46038485456317,0.957758136505232
1995,3,39,8,1.07003354665888,1.18696544025324
1995,4,39,8,0.681199543728036,1.01614900818303
1996,1,39,8,0.495940162329288,0.781844036612465
1996,2,39,8,0.964389519608834,0.941312595082046
1996,3,39,8,0.718779963062756,0.797319342312987
1996,4,39,8,0.462781619644061,0.903119859139342
1997,1,39,8,0.477304799261446,0.968187027636494
1997,2,39,8,0.931899782112978,0.843580454332908
1997,3,39,8,0.693017519117457,0.524295406839453
1997,4,39,8,0.447982997184744,0.605016226893143
1998,1,39,8,NA,NA
1998,2,39,8,NA,NA
1998,3,39,8,NA,NA
1998,4,39,8,NA,NA
1999,1,39,8,NA,NA
1999,2,39,8,NA,NA
1999,3,39,8,NA,NA
1999,4,39,8,NA,NA
2000,1,39,8,NA,NA
2000,2,39,8,NA,NA
2000,3,39,8,NA,NA
2000,4,39,8,NA,NA
2001,1,39,8,NA,NA
2001,2,39,8,NA,NA
2001,3,39,8,NA,NA
2001,4,39,8,NA,NA
2002,1,39,8,NA,NA
2002,2,39,8,NA,NA
2002,3,39,8,NA,NA
2002,4,39,8,NA,NA
2003,1,39,8,NA,NA
2003,2,39,8,NA,NA
2003,3,39,8,NA,NA
2003,4,39,8,NA,NA
2004,1,39,8,NA,NA
2004,2,39,8,NA,NA
2004,3,39,8,NA,NA
2004,4,39,8,NA,NA
2005,1,39,8,NA,NA
2005,2,39,8,NA,NA
2005,3,39,8,NA,NA
2005,4,39,8,NA,NA
2006,1,39,8,NA,NA
2006,2,39,8,NA,NA
2006,3,39,8,NA,NA
2006,4,39,8,NA,NA
2007,1,39,8,NA,NA
2007,2,39,8,NA,NA
2007,3,39,8,NA,NA
2007,4,39,8,NA,NA
2008,1,39,8,NA,NA
2008,2,39,8,NA,NA
2008,3,39,8,NA,NA
2008,4,39,8,NA,NA
2009,1,39,8,NA,NA
2009,2,39,8,NA,NA
2009,3,39,8,NA,NA
2009,4,39,8,NA,NA
2010,1,39,8,NA,NA
2010,2,39,8,NA,NA
2010,3,39,8,NA,NA
2010,4,39,8,NA,NA
2011,1,39,8,NA,NA
2011,2,39,8,NA,NA
2011,3,39,8,NA,NA
2011,4,39,8,NA,NA
2012,1,39,8,NA,NA
2012,2,39,8,NA,NA
2012,3,39,8,NA,NA
2012,4,39,8,NA,NA
2013,1,39,8,NA,NA
2013,2,39,8,NA,NA
2013,3,39,8,NA,NA
2013,4,39,8,NA,NA
2014,1,39,8,NA,NA
2014,2,39,8,NA,NA
2014,3,39,8,NA,NA
2014,4,39,8,NA,NA
2015,1,39,8,NA,NA
2015,2,39,8,NA,NA
2015,3,39,8,NA,NA
2015,4,39,8,NA,NA
2016,1,39,8,NA,NA
2016,2,39,8,NA,NA
2016,3,39,8,NA,NA
2016,4,39,8,NA,NA
2017,1,39,8,NA,NA
2017,2,39,8,NA,NA
2017,3,39,8,NA,NA
2017,4,39,8,NA,NA
2018,1,39,8,NA,NA
2018,2,39,8,NA,NA
2018,3,39,8,NA,NA
2018,4,39,8,NA,NA
2019,1,39,8,NA,NA
2019,2,39,8,NA,NA
2019,3,39,8,NA,NA
2019,4,39,8,NA,NA
2020,1,39,8,NA,NA
2020,2,39,8,NA,NA
2020,3,39,8,NA,NA
2020,4,39,8,NA,NA
2021,1,39,8,NA,NA
2021,2,39,8,NA,NA
2021,3,39,8,NA,NA
2021,4,39,8,NA,NA
2022,1,39,8,NA,NA
2022,2,39,8,NA,NA
2022,3,39,8,NA,NA
2022,4,39,8,NA,NA
2023,1,39,8,NA,NA
2023,2,39,8,NA,NA
2023,3,39,8,NA,NA
2023,4,39,8,NA,NA
2024,1,39,8,NA,NA
2024,2,39,8,NA,NA
2024,3,39,8,NA,NA
2024,4,39,8,NA,NA
1972,1,40,6,NA,NA
1972,2,40,6,NA,NA
1972,3,40,6,NA,NA
1972,4,40,6,NA,NA
1973,1,40,6,NA,NA
1973,2,40,6,NA,NA
1973,3,40,6,NA,NA
1973,4,40,6,NA,NA
1974,1,40,6,NA,NA
1974,2,40,6,NA,NA
1974,3,40,6,NA,NA
1974,4,40,6,NA,NA
1975,1,40,6,NA,NA
1975,2,40,6,NA,NA
1975,3,40,6,NA,NA
1975,4,40,6,NA,NA
1976,1,40,6,NA,NA
1976,2,40,6,NA,NA
1976,3,40,6,NA,NA
1976,4,40,6,NA,NA
1977,1,40,6,NA,NA
1977,2,40,6,NA,NA
1977,3,40,6,NA,NA
1977,4,40,6,NA,NA
1978,1,40,6,NA,NA
1978,2,40,6,NA,NA
1978,3,40,6,NA,NA
1978,4,40,6,NA,NA
1979,1,40,6,NA,NA
1979,2,40,6,NA,NA
1979,3,40,6,NA,NA
1979,4,40,6,NA,NA
1980,1,40,6,NA,NA
1980,2,40,6,NA,NA
1980,3,40,6,NA,NA
1980,4,40,6,NA,NA
1981,1,40,6,NA,NA
1981,2,40,6,NA,NA
1981,3,40,6,NA,NA
1981,4,40,6,NA,NA
1982,1,40,6,NA,NA
1982,2,40,6,NA,NA
1982,3,40,6,NA,NA
1982,4,40,6,NA,NA
1983,1,40,6,NA,NA
1983,2,40,6,NA,NA
1983,3,40,6,NA,NA
1983,4,40,6,NA,NA
1984,1,40,6,NA,NA
1984,2,40,6,NA,NA
1984,3,40,6,NA,NA
1984,4,40,6,NA,NA
1985,1,40,6,NA,NA
1985,2,40,6,NA,NA
1985,3,40,6,NA,NA
1985,4,40,6,NA,NA
1986,1,40,6,NA,NA
1986,2,40,6,NA,NA
1986,3,40,6,NA,NA
1986,4,40,6,NA,NA
1987,1,40,6,NA,NA
1987,2,40,6,NA,NA
1987,3,40,6,NA,NA
1987,4,40,6,NA,NA
1988,1,40,6,NA,NA
1988,2,40,6,NA,NA
1988,3,40,6,NA,NA
1988,4,40,6,NA,NA
1989,1,40,6,NA,NA
1989,2,40,6,NA,NA
1989,3,40,6,NA,NA
1989,4,40,6,NA,NA
1990,1,40,6,NA,NA
1990,2,40,6,NA,NA
1990,3,40,6,NA,NA
1990,4,40,6,NA,NA
1991,1,40,6,NA,NA
1991,2,40,6,NA,NA
1991,3,40,6,NA,NA
1991,4,40,6,NA,NA
1992,1,40,6,NA,NA
1992,2,40,6,NA,NA
1992,3,40,6,NA,NA
1992,4,40,6,NA,NA
1993,1,40,6,NA,NA
1993,2,40,6,NA,NA
1993,3,40,6,NA,NA
1993,4,40,6,NA,NA
1994,1,40,6,NA,NA
1994,2,40,6,NA,NA
1994,3,40,6,NA,NA
1994,4,40,6,NA,NA
1995,1,40,6,NA,NA
1995,2,40,6,NA,NA
1995,3,40,6,NA,NA
1995,4,40,6,NA,NA
1996,1,40,6,NA,NA
1996,2,40,6,NA,NA
1996,3,40,6,NA,NA
1996,4,40,6,NA,NA
1997,1,40,6,NA,NA
1997,2,40,6,NA,NA
1997,3,40,6,NA,NA
1997,4,40,6,NA,NA
1998,1,40,6,NA,NA
1998,2,40,6,NA,NA
1998,3,40,6,NA,NA
1998,4,40,6,NA,NA
1999,1,40,6,NA,NA
1999,2,40,6,NA,NA
1999,3,40,6,NA,NA
1999,4,40,6,NA,NA
2000,1,40,6,NA,NA
2000,2,40,6,NA,NA
2000,3,40,6,NA,NA
2000,4,40,6,NA,NA
2001,1,40,6,NA,NA
2001,2,40,6,NA,NA
2001,3,40,6,NA,NA
2001,4,40,6,NA,NA
2002,1,40,6,NA,NA
2002,2,40,6,NA,NA
2002,3,40,6,NA,NA
2002,4,40,6,NA,NA
2003,1,40,6,NA,NA
2003,2,40,6,NA,NA
2003,3,40,6,NA,NA
2003,4,40,6,NA,NA
2004,1,40,6,NA,NA
2004,2,40,6,NA,NA
2004,3,40,6,NA,NA
2004,4,40,6,NA,NA
2005,1,40,6,NA,NA
2005,2,40,6,NA,NA
2005,3,40,6,NA,NA
2005,4,40,6,NA,NA
2006,1,40,6,NA,NA
2006,2,40,6,NA,NA
2006,3,40,6,NA,NA
2006,4,40,6,NA,NA
2007,1,40,6,NA,NA
2007,2,40,6,NA,NA
2007,3,40,6,NA,NA
2007,4,40,6,NA,NA
2008,1,40,6,NA,NA
2008,2,40,6,NA,NA
2008,3,40,6,NA,NA
2008,4,40,6,NA,NA
2009,1,40,6,NA,NA
2009,2,40,6,NA,NA
2009,3,40,6,NA,NA
2009,4,40,6,NA,NA
2010,1,40,6,1.33575944130706,1.81920574137855
2010,2,40,6,1.09099486483772,1.28325523251609
2010,3,40,6,1.49092987129743,1.06790629721624
2010,4,40,6,1.35526905608967,1.03502957377007
2011,1,40,6,1.01746068625404,1.75909592835188
2011,2,40,6,1.09351797604697,1.19422805790246
2011,3,40,6,1.10671924093406,0.718923733431926
2011,4,40,6,1.00063450121079,0.536064923132073
2012,1,40,6,1.0653570487313,0.866147553352468
2012,2,40,6,1.03000123369195,0.710419243081508
2012,3,40,6,1.18258178289144,0.652137401996139
2012,4,40,6,1.04742000253203,0.545692308298084
2013,1,40,6,0.930484370429559,1.12232227670881
2013,2,40,6,0.978651182242801,0.819467942441205
2013,3,40,6,1.04624754882583,0.735135825678968
2013,4,40,6,0.873890672345855,0.608839860923103
2014,1,40,6,0.976617703334937,1.50245434358429
2014,2,40,6,1.09281834844702,1.66612404873946
2014,3,40,6,1.0891744239047,1.73828674699865
2014,4,40,6,1.12862491236734,1.39403162695913
2015,1,40,6,1.09536758390491,1.79876442743689
2015,2,40,6,1.18554193599831,1.41552431061468
2015,3,40,6,1.12445671610988,1.24097827496808
2015,4,40,6,1.17327619228626,1.26883607008795
2016,1,40,6,1.05841234755841,1.96698123607608
2016,2,40,6,0.905905756384905,1.30460459170452
2016,3,40,6,1.18423855685866,0.918613326309945
2016,4,40,6,0.913611365328138,0.726657519347675
2017,1,40,6,0.85752924119886,1.38458436897636
2017,2,40,6,0.812613241773098,1.0675752975717
2017,3,40,6,0.868923664932777,0.987567924765255
2017,4,40,6,0.929126854476518,0.960030715230802
2018,1,40,6,0.917465777019784,1.85373032353066
2018,2,40,6,1.00961391964822,1.71446315078322
2018,3,40,6,0.836105899397036,1.49900266954081
2018,4,40,6,0.864762825344919,1.10893489433078
2019,1,40,6,1.00440868980377,1.81902382990013
2019,2,40,6,1.11193306425348,1.57255235003723
2019,3,40,6,1.25207227669341,1.13643935307937
2019,4,40,6,0.926121355006366,0.810179055153348
2020,1,40,6,0.849166499001584,1.03621018030203
2020,2,40,6,0.804849480332587,0.696909304051805
2020,3,40,6,0.777944573211784,0.62188505646502
2020,4,40,6,0.995149800389756,0.61532788924956
2021,1,40,6,0.937170546467841,1.31403164141894
2021,2,40,6,0.712553700896632,1.06371766152839
2021,3,40,6,1.22617552977215,1.07703295867063
2021,4,40,6,0.770666156376051,0.644809728680202
2022,1,40,6,1.22899897921281,0.919642749604848
2022,2,40,6,1.20369982377406,0.937273640898042
2022,3,40,6,0.629770381401003,0.593748173410073
2022,4,40,6,1.08376381886231,0.349937749111155
2023,1,40,6,0.858215539074367,1.11082168697048
2023,2,40,6,1.09520329108959,0.873104524560313
2023,3,40,6,0.939140672523761,0.714980506711743
2023,4,40,6,0.835604386326364,0.621015026549015
2024,1,40,6,0.881174149543515,1.54914009567253
2024,2,40,6,1.0456827276649,1.02209045940244
2024,3,40,6,1.13518995708476,0.605258281791653
2024,4,40,6,0.82299924144542,0.329888684870685
1972,1,41,7,NA,NA
1972,2,41,7,NA,NA
1972,3,41,7,NA,NA
1972,4,41,7,NA,NA
1973,1,41,7,NA,NA
1973,2,41,7,NA,NA
1973,3,41,7,NA,NA
1973,4,41,7,NA,NA
1974,1,41,7,NA,NA
1974,2,41,7,NA,NA
1974,3,41,7,NA,NA
1974,4,41,7,NA,NA
1975,1,41,7,NA,NA
1975,2,41,7,NA,NA
1975,3,41,7,NA,NA
1975,4,41,7,NA,NA
1976,1,41,7,NA,NA
1976,2,41,7,NA,NA
1976,3,41,7,NA,NA
1976,4,41,7,NA,NA
1977,1,41,7,NA,NA
1977,2,41,7,NA,NA
1977,3,41,7,NA,NA
1977,4,41,7,NA,NA
1978,1,41,7,NA,NA
1978,2,41,7,NA,NA
1978,3,41,7,NA,NA
1978,4,41,7,NA,NA
1979,1,41,7,NA,NA
1979,2,41,7,NA,NA
1979,3,41,7,NA,NA
1979,4,41,7,NA,NA
1980,1,41,7,NA,NA
1980,2,41,7,NA,NA
1980,3,41,7,NA,NA
1980,4,41,7,NA,NA
1981,1,41,7,NA,NA
1981,2,41,7,NA,NA
1981,3,41,7,NA,NA
1981,4,41,7,NA,NA
1982,1,41,7,NA,NA
1982,2,41,7,NA,NA
1982,3,41,7,NA,NA
1982,4,41,7,NA,NA
1983,1,41,7,NA,NA
1983,2,41,7,NA,NA
1983,3,41,7,NA,NA
1983,4,41,7,NA,NA
1984,1,41,7,NA,NA
1984,2,41,7,NA,NA
1984,3,41,7,NA,NA
1984,4,41,7,NA,NA
1985,1,41,7,NA,NA
1985,2,41,7,NA,NA
1985,3,41,7,NA,NA
1985,4,41,7,NA,NA
1986,1,41,7,NA,NA
1986,2,41,7,NA,NA
1986,3,41,7,NA,NA
1986,4,41,7,NA,NA
1987,1,41,7,NA,NA
1987,2,41,7,NA,NA
1987,3,41,7,NA,NA
1987,4,41,7,NA,NA
1988,1,41,7,NA,NA
1988,2,41,7,NA,NA
1988,3,41,7,NA,NA
1988,4,41,7,NA,NA
1989,1,41,7,NA,NA
1989,2,41,7,NA,NA
1989,3,41,7,NA,NA
1989,4,41,7,NA,NA
1990,1,41,7,NA,NA
1990,2,41,7,NA,NA
1990,3,41,7,NA,NA
1990,4,41,7,NA,NA
1991,1,41,7,NA,NA
1991,2,41,7,NA,NA
1991,3,41,7,NA,NA
1991,4,41,7,NA,NA
1992,1,41,7,NA,NA
1992,2,41,7,NA,NA
1992,3,41,7,NA,NA
1992,4,41,7,NA,NA
1993,1,41,7,NA,NA
1993,2,41,7,NA,NA
1993,3,41,7,NA,NA
1993,4,41,7,NA,NA
1994,1,41,7,NA,NA
1994,2,41,7,NA,NA
1994,3,41,7,NA,NA
1994,4,41,7,NA,NA
1995,1,41,7,NA,NA
1995,2,41,7,NA,NA
1995,3,41,7,NA,NA
1995,4,41,7,NA,NA
1996,1,41,7,NA,NA
1996,2,41,7,NA,NA
1996,3,41,7,NA,NA
1996,4,41,7,NA,NA
1997,1,41,7,NA,NA
1997,2,41,7,NA,NA
1997,3,41,7,NA,NA
1997,4,41,7,NA,NA
1998,1,41,7,NA,NA
1998,2,41,7,NA,NA
1998,3,41,7,NA,NA
1998,4,41,7,NA,NA
1999,1,41,7,NA,NA
1999,2,41,7,NA,NA
1999,3,41,7,NA,NA
1999,4,41,7,NA,NA
2000,1,41,7,NA,NA
2000,2,41,7,NA,NA
2000,3,41,7,NA,NA
2000,4,41,7,NA,NA
2001,1,41,7,NA,NA
2001,2,41,7,NA,NA
2001,3,41,7,NA,NA
2001,4,41,7,NA,NA
2002,1,41,7,NA,NA
2002,2,41,7,NA,NA
2002,3,41,7,NA,NA
2002,4,41,7,NA,NA
2003,1,41,7,NA,NA
2003,2,41,7,NA,NA
2003,3,41,7,NA,NA
2003,4,41,7,NA,NA
2004,1,41,7,NA,NA
2004,2,41,7,NA,NA
2004,3,41,7,NA,NA
2004,4,41,7,NA,NA
2005,1,41,7,NA,NA
2005,2,41,7,NA,NA
2005,3,41,7,NA,NA
2005,4,41,7,NA,NA
2006,1,41,7,NA,NA
2006,2,41,7,NA,NA
2006,3,41,7,NA,NA
2006,4,41,7,NA,NA
2007,1,41,7,NA,NA
2007,2,41,7,NA,NA
2007,3,41,7,NA,NA
2007,4,41,7,NA,NA
2008,1,41,7,NA,NA
2008,2,41,7,NA,NA
2008,3,41,7,NA,NA
2008,4,41,7,NA,NA
2009,1,41,7,NA,NA
2009,2,41,7,NA,NA
2009,3,41,7,NA,NA
2009,4,41,7,NA,NA
2010,1,41,7,1.34057684141316,1.11728317295056
2010,2,41,7,1.11349086074654,1.16859246122422
2010,3,41,7,1.56549176269831,0.963733957651826
2010,4,41,7,1.40719730600091,0.666443442785463
2011,1,41,7,1.00248809017166,0.979111256407414
2011,2,41,7,1.09488572818403,1.16824193606725
2011,3,41,7,1.10032985166087,0.870750321947705
2011,4,41,7,1.01195084747804,0.502429473571769
2012,1,41,7,1.06207017628393,0.463476312963262
2012,2,41,7,1.02467962217455,0.654227584190416
2012,3,41,7,1.17304156051177,1.01835644573431
2012,4,41,7,1.02556122568479,0.970639642065423
2013,1,41,7,0.936243206735746,0.771128694817533
2013,2,41,7,0.971329040918921,0.776856212839313
2013,3,41,7,1.04546315734778,0.891811938418125
2013,4,41,7,0.870663251269116,0.651941790118789
2014,1,41,7,0.974101277245849,0.865195314870963
2014,2,41,7,1.08230172484236,1.51240333781809
2014,3,41,7,1.09245777788944,1.54018108935103
2014,4,41,7,1.10882400638583,1.13871450618024
2015,1,41,7,1.08611813986367,0.992381171536656
2015,2,41,7,1.18388333857701,1.39905918499088
2015,3,41,7,1.12366987183623,1.5736535220475
2015,4,41,7,1.16730771625615,1.36588148941215
2016,1,41,7,1.05452454805798,1.18862835563875
2016,2,41,7,0.930586729339943,1.15823813342513
2016,3,41,7,1.1873215833041,1.06243134153848
2016,4,41,7,0.910810879382033,1.00737204067655
2017,1,41,7,0.839373079264276,0.898615530050383
2017,2,41,7,0.802518797962478,0.959013621827395
2017,3,41,7,0.865541462221766,0.796681741913302
2017,4,41,7,0.934989481022547,0.733300281501006
2018,1,41,7,0.913931185271228,0.919881887806364
2018,2,41,7,1.0041586231746,1.44181105433979
2018,3,41,7,0.830107556867301,1.11761840818522
2018,4,41,7,0.871883033469202,0.83251836276119
2019,1,41,7,0.988447251460633,0.911093274523627
2019,2,41,7,1.11271168988563,1.66462521167344
2019,3,41,7,1.24819686263102,1.6540056292307
2019,4,41,7,0.950554291309962,1.19458638006547
2020,1,41,7,0.855730319321417,0.718133352114572
2020,2,41,7,0.803723479444656,0.727384540316923
2020,3,41,7,0.777011599620041,0.838114963468123
2020,4,41,7,1.00778212454351,0.786549202213455
2021,1,41,7,0.934802501824885,0.834185065634017
2021,2,41,7,0.708645413185044,1.04078995818507
2021,3,41,7,1.22409280219157,0.958361714238253
2021,4,41,7,0.769895875424341,0.606530659712633
2022,1,41,7,1.22727958449905,0.492529953958088
2022,2,41,7,1.2020158230963,1.14568189359486
2022,3,41,7,0.629203843038247,1.17210350253658
2022,4,41,7,1.08247490697254,1.27749355746146
2023,1,41,7,0.857186298095574,1.10199260479956
2023,2,41,7,1.09601404146564,1.41100187258072
2023,3,41,7,0.937826795510737,1.44787939536371
2023,4,41,7,0.848148110358175,1.54110547529269
2024,1,41,7,0.876165744406009,1.29110701301792
2024,2,41,7,1.03769302083816,1.35229074151356
2024,3,41,7,1.13462250398131,1.13348844859953
2024,4,41,7,0.81635987333128,1.20526565111221
1972,1,42,8,NA,NA
1972,2,42,8,NA,NA
1972,3,42,8,NA,NA
1972,4,42,8,NA,NA
1973,1,42,8,NA,NA
1973,2,42,8,NA,NA
1973,3,42,8,NA,NA
1973,4,42,8,NA,NA
1974,1,42,8,NA,NA
1974,2,42,8,NA,NA
1974,3,42,8,NA,NA
1974,4,42,8,NA,NA
1975,1,42,8,NA,NA
1975,2,42,8,NA,NA
1975,3,42,8,NA,NA
1975,4,42,8,NA,NA
1976,1,42,8,NA,NA
1976,2,42,8,NA,NA
1976,3,42,8,NA,NA
1976,4,42,8,NA,NA
1977,1,42,8,NA,NA
1977,2,42,8,NA,NA
1977,3,42,8,NA,NA
1977,4,42,8,NA,NA
1978,1,42,8,NA,NA
1978,2,42,8,NA,NA
1978,3,42,8,NA,NA
1978,4,42,8,NA,NA
1979,1,42,8,NA,NA
1979,2,42,8,NA,NA
1979,3,42,8,NA,NA
1979,4,42,8,NA,NA
1980,1,42,8,NA,NA
1980,2,42,8,NA,NA
1980,3,42,8,NA,NA
1980,4,42,8,NA,NA
1981,1,42,8,NA,NA
1981,2,42,8,NA,NA
1981,3,42,8,NA,NA
1981,4,42,8,NA,NA
1982,1,42,8,NA,NA
1982,2,42,8,NA,NA
1982,3,42,8,NA,NA
1982,4,42,8,NA,NA
1983,1,42,8,NA,NA
1983,2,42,8,NA,NA
1983,3,42,8,NA,NA
1983,4,42,8,NA,NA
1984,1,42,8,NA,NA
1984,2,42,8,NA,NA
1984,3,42,8,NA,NA
1984,4,42,8,NA,NA
1985,1,42,8,NA,NA
1985,2,42,8,NA,NA
1985,3,42,8,NA,NA
1985,4,42,8,NA,NA
1986,1,42,8,NA,NA
1986,2,42,8,NA,NA
1986,3,42,8,NA,NA
1986,4,42,8,NA,NA
1987,1,42,8,NA,NA
1987,2,42,8,NA,NA
1987,3,42,8,NA,NA
1987,4,42,8,NA,NA
1988,1,42,8,NA,NA
1988,2,42,8,NA,NA
1988,3,42,8,NA,NA
1988,4,42,8,NA,NA
1989,1,42,8,NA,NA
1989,2,42,8,NA,NA
1989,3,42,8,NA,NA
1989,4,42,8,NA,NA
1990,1,42,8,NA,NA
1990,2,42,8,NA,NA
1990,3,42,8,NA,NA
1990,4,42,8,NA,NA
1991,1,42,8,NA,NA
1991,2,42,8,NA,NA
1991,3,42,8,NA,NA
1991,4,42,8,NA,NA
1992,1,42,8,NA,NA
1992,2,42,8,NA,NA
1992,3,42,8,NA,NA
1992,4,42,8,NA,NA
1993,1,42,8,NA,NA
1993,2,42,8,NA,NA
1993,3,42,8,NA,NA
1993,4,42,8,NA,NA
1994,1,42,8,NA,NA
1994,2,42,8,NA,NA
1994,3,42,8,NA,NA
1994,4,42,8,NA,NA
1995,1,42,8,NA,NA
1995,2,42,8,NA,NA
1995,3,42,8,NA,NA
1995,4,42,8,NA,NA
1996,1,42,8,NA,NA
1996,2,42,8,NA,NA
1996,3,42,8,NA,NA
1996,4,42,8,NA,NA
1997,1,42,8,NA,NA
1997,2,42,8,NA,NA
1997,3,42,8,NA,NA
1997,4,42,8,NA,NA
1998,1,42,8,NA,NA
1998,2,42,8,NA,NA
1998,3,42,8,NA,NA
1998,4,42,8,NA,NA
1999,1,42,8,NA,NA
1999,2,42,8,NA,NA
1999,3,42,8,NA,NA
1999,4,42,8,NA,NA
2000,1,42,8,NA,NA
2000,2,42,8,NA,NA
2000,3,42,8,NA,NA
2000,4,42,8,NA,NA
2001,1,42,8,NA,NA
2001,2,42,8,NA,NA
2001,3,42,8,NA,NA
2001,4,42,8,NA,NA
2002,1,42,8,NA,NA
2002,2,42,8,NA,NA
2002,3,42,8,NA,NA
2002,4,42,8,NA,NA
2003,1,42,8,NA,NA
2003,2,42,8,NA,NA
2003,3,42,8,NA,NA
2003,4,42,8,NA,NA
2004,1,42,8,NA,NA
2004,2,42,8,NA,NA
2004,3,42,8,NA,NA
2004,4,42,8,NA,NA
2005,1,42,8,NA,NA
2005,2,42,8,NA,NA
2005,3,42,8,NA,NA
2005,4,42,8,NA,NA
2006,1,42,8,NA,NA
2006,2,42,8,NA,NA
2006,3,42,8,NA,NA
2006,4,42,8,NA,NA
2007,1,42,8,NA,NA
2007,2,42,8,NA,NA
2007,3,42,8,NA,NA
2007,4,42,8,NA,NA
2008,1,42,8,NA,NA
2008,2,42,8,NA,NA
2008,3,42,8,NA,NA
2008,4,42,8,NA,NA
2009,1,42,8,NA,NA
2009,2,42,8,NA,NA
2009,3,42,8,NA,NA
2009,4,42,8,NA,NA
2010,1,42,8,1.33535877357783,0.867274277383767
2010,2,42,8,1.09090758873962,0.74587295118853
2010,3,42,8,1.4907807857647,0.79755857399864
2010,4,42,8,1.36015681738314,1.06908164046345
2011,1,42,8,1.01748103567126,1.22727958449905
2011,2,42,8,1.09170424202247,0.991767077673134
2011,3,42,8,1.10539197436415,0.883644894591084
2011,4,42,8,0.997679696076434,0.851802999613039
2012,1,42,8,1.06488839474129,0.733373615195779
2012,2,42,8,1.02930107093535,0.578914778288305
2012,3,42,8,1.17892145580278,0.711912691063518
2012,4,42,8,1.04313437206755,1.01026229989242
2013,1,42,8,0.929703091741387,1.11616644823303
2013,2,42,8,0.979307098242227,0.941152585542078
2013,3,42,8,1.04571409861729,0.889941098416982
2013,4,42,8,0.871621507789975,0.958294631266187
2014,1,42,8,0.97241753888983,1.09829612321414
2014,2,42,8,1.09524710009741,0.920848271050978
2014,3,42,8,1.08993711291144,0.914406553072486
2014,4,42,8,1.14270698972241,0.993388949786708
2015,1,42,8,1.09302600365984,1.07191846394165
2015,2,42,8,1.18104542542241,1.04825827379785
2015,3,42,8,1.12873778050189,1.14659880582573
2015,4,42,8,1.18057310172328,1.32856578068826
2016,1,42,8,1.05561126790713,1.39263829211571
2016,2,42,8,0.90959121016454,1.04305092465573
2016,3,42,8,1.18862835563875,1.00987140402559
2016,4,42,8,0.911503358759195,1.11015539386622
2017,1,42,8,0.8560726799167,1.06638028257174
2017,2,42,8,0.812938352087535,0.83410165129824
2017,3,42,8,0.868141985442871,0.727966680774312
2017,4,42,8,0.923328687564604,0.805493617537381
2018,1,42,8,0.917961342329966,0.887186552763584
2018,2,42,8,1.00748688763534,0.846707483450388
2018,3,42,8,0.841053505288687,0.943763192225042
2018,4,42,8,0.875290016598484,1.06990515033722
2019,1,42,8,1.00456438521677,1.13928400579637
2019,2,42,8,1.11237792644568,1.00522259042777
2019,3,42,8,1.25244795472531,1.18827182061499
2019,4,42,8,0.921262746022825,1.47993771140229
2020,1,42,8,0.851036721790132,1.51194968486809
2020,2,42,8,0.803964632659663,1.06192149686705
2020,3,42,8,0.776545532494389,0.877042348379351
2020,4,42,8,0.995124921955728,0.838617983337074
2021,1,42,8,0.936955022028414,0.97444227236355
2021,2,42,8,0.712197513100553,1.3714930994584
2021,3,42,8,1.2258077322856,1.25057069109293
2021,4,42,8,0.770512038557072,1.35838976235517
2022,1,42,8,1.22863033481847,1.36697463180233
2022,2,42,8,1.20345910788169,1.07722684205217
2022,3,42,8,0.629581478623416,1.01216337947109
2022,4,42,8,1.08134971826883,1.14385026825613
2023,1,42,8,0.855644750567994,1.19937429503178
2023,2,42,8,1.09416334201708,0.997311620182761
2023,3,42,8,0.939901684636803,0.931247680527681
2023,4,42,8,0.842568764922757,1.03619981825204
2024,1,42,8,0.875114976099798,0.988743830120646
2024,2,42,8,1.04188336157748,0.819058310886407
2024,3,42,8,1.13757636084158,0.824069836195111
2024,4,42,8,0.823822652323687,1.00713130752758
