fishery,age,sel
1,1,0.1236
1,2,1
1,3,0.8169
1,4,0.5687
1,5,0.3239
1,6,0.2374
1,7,0.2025
1,8,0.1867
1,9,0.1803
1,10,0.1767
1,11,0.1757
1,12,0.1758
1,13,0.1758
1,14,0.176
1,15,0.176
1,16,0.1764
2,1,0.1992
2,2,0.9734
2,3,1
2,4,0.7278
2,5,0.4429
2,6,0.3371
2,7,0.2938
2,8,0.2745
2,9,0.2671
2,10,0.2633
2,11,0.263
2,12,0.2639
2,13,0.2646
2,14,0.2653
2,15,0.2656
2,16,0.2669
3,1,0
3,2,0
3,3,0
3,4,0.5779
3,5,0.622
3,6,0.6774
3,7,0.7355
3,8,0.7897
3,9,0.8402
3,10,0.8801
3,11,0.9142
3,12,0.9419
3,13,0.9622
3,14,0.9776
3,15,0.9891
3,16,1
4,1,0.1834
4,2,1
4,3,0.9429
4,4,0.6583
4,5,0.3845
4,6,0.2902
4,7,0.2528
4,8,0.2361
4,9,0.2294
4,10,0.2258
4,11,0.2253
4,12,0.2259
4,13,0.2262
4,14,0.2267
4,15,0.2268
4,16,0.2277
5,1,0.1531
5,2,0.5741
5,3,1
5,4,0.7711
5,5,0.4744
5,6,0.3457
5,7,0.2908
5,8,0.2657
5,9,0.2553
5,10,0.2499
5,11,0.2486
5,12,0.2489
5,13,0.2492
5,14,0.2496
5,15,0.2499
5,16,0.2511
6,1,0
6,2,0
6,3,0
6,4,0.4389
6,5,0.6
6,6,0.7293
6,7,0.8204
6,8,0.8803
6,9,0.9222
6,10,0.9473
6,11,0.9657
6,12,0.9788
6,13,0.9868
6,14,0.9922
6,15,0.9957
6,16,1
7,1,0.1593
7,2,0.7912
7,3,1
7,4,0.8882
7,5,0.6939
7,6,0.5741
7,7,0.5071
7,8,0.4685
7,9,0.4472
7,10,0.4325
7,11,0.4243
7,12,0.419
7,13,0.4151
7,14,0.4123
7,15,0.4099
7,16,0.4088
8,1,0.2375
8,2,0.6141
8,3,1
8,4,0.8667
8,5,0.643
8,6,0.5209
8,7,0.4639
8,8,0.4383
8,9,0.43
8,10,0.4268
8,11,0.4286
8,12,0.432
8,13,0.4344
8,14,0.4367
8,15,0.4383
8,16,0.4412
9,1,0
9,2,0
9,3,0
9,4,0.5718
9,5,0.8624
9,6,0.99
9,7,1
9,8,0.9631
9,9,0.9193
9,10,0.8778
9,11,0.8456
9,12,0.8209
9,13,0.8017
9,14,0.7873
9,15,0.7761
9,16,0.7686
10,1,0.2599
10,2,1
10,3,0.3708
10,4,0.2804
10,5,0.1932
10,6,0.1644
10,7,0.1539
10,8,0.1504
10,9,0.1508
10,10,0.1517
10,11,0.1536
10,12,0.1557
10,13,0.1571
10,14,0.1583
10,15,0.1591
10,16,0.1603
11,1,0.0999
11,2,1
11,3,0.0726
11,4,0.0485
11,5,0.0285
11,6,0.0217
11,7,0.0183
11,8,0.0162
11,9,0.0149
11,10,0.0141
11,11,0.0135
11,12,0.0131
11,13,0.0129
11,14,0.0127
11,15,0.0125
11,16,0.0124
12,1,0.9235
12,2,1
12,3,0.3261
12,4,0.2688
12,5,0.2091
12,6,0.1883
12,7,0.1802
12,8,0.1774
12,9,0.1777
12,10,0.1782
12,11,0.1796
12,12,0.181
12,13,0.1821
12,14,0.1829
12,15,0.1835
12,16,0.1842
13,1,0.1045
13,2,1
13,3,0.2149
13,4,0.1493
13,5,0.0923
13,6,0.0747
13,7,0.0679
13,8,0.0651
13,9,0.0644
13,10,0.0641
13,11,0.0645
13,12,0.065
13,13,0.0653
13,14,0.0656
13,15,0.0658
13,16,0.0661
14,1,0.1046
14,2,1
14,3,0.3585
14,4,0.288
14,5,0.2039
14,6,0.162
14,7,0.1367
14,8,0.1205
14,9,0.11
14,10,0.1025
14,11,0.0975
14,12,0.094
14,13,0.0914
14,14,0.0896
14,15,0.0881
14,16,0.0871
15,1,0.0335
15,2,0.7786
15,3,1
15,4,0.6788
15,5,0.3066
15,6,0.1645
15,7,0.1069
15,8,0.0799
15,9,0.0658
15,10,0.0574
15,11,0.0523
15,12,0.0489
15,13,0.0467
15,14,0.0451
15,15,0.0439
15,16,0.0431
16,1,0.0122
16,2,0.113
16,3,1
16,4,0.8456
16,5,0.4479
16,6,0.2405
16,7,0.1573
16,8,0.1202
16,9,0.1021
16,10,0.0917
16,11,0.0858
16,12,0.0822
16,13,0.0798
16,14,0.0781
16,15,0.0769
16,16,0.0762
17,1,0.0207
17,2,1
17,3,0.2619
17,4,0.147
17,5,0.0606
17,6,0.0365
17,7,0.0271
17,8,0.0226
17,9,0.0203
17,10,0.0187
17,11,0.0179
17,12,0.0173
17,13,0.0169
17,14,0.0166
17,15,0.0163
17,16,0.0162
18,1,0
18,2,0
18,3,0
18,4,1
18,5,0.858
18,6,0.7868
18,7,0.7467
18,8,0.7223
18,9,0.7073
18,10,0.6967
18,11,0.69
18,12,0.6852
18,13,0.6819
18,14,0.6795
18,15,0.6774
18,16,0.676
19,1,0.0341
19,2,0.2484
19,3,1
19,4,0.7223
19,5,0.3461
19,6,0.1983
19,7,0.142
19,8,0.1172
19,9,0.1056
19,10,0.0992
19,11,0.0959
19,12,0.0942
19,13,0.0931
19,14,0.0924
19,15,0.0918
19,16,0.0917
20,1,0.1472
20,2,0.9661
20,3,1
20,4,0.702
20,5,0.3993
20,6,0.2903
20,7,0.2464
20,8,0.2268
20,9,0.2187
20,10,0.2144
20,11,0.2134
20,12,0.2137
20,13,0.2139
20,14,0.2142
20,15,0.2143
20,16,0.215
21,1,0.0505
21,2,0.4139
21,3,1
21,4,0.7474
21,5,0.4081
21,6,0.2631
21,7,0.2026
21,8,0.1745
21,9,0.1612
21,10,0.1535
21,11,0.1498
21,12,0.1478
21,13,0.1465
21,14,0.1457
21,15,0.145
21,16,0.1449
22,1,0
22,2,0
22,3,0
22,4,1
22,5,0.9656
22,6,0.9565
22,7,0.9563
22,8,0.9589
22,9,0.9633
22,10,0.9663
22,11,0.9696
22,12,0.9724
22,13,0.9742
22,14,0.9756
22,15,0.9765
22,16,0.9775
23,1,0.0709
23,2,0.3475
23,3,0.9351
23,4,1
23,5,0.9775
23,6,0.8593
23,7,0.754
23,8,0.6773
23,9,0.6259
23,10,0.5885
23,11,0.5636
23,12,0.5462
23,13,0.5333
23,14,0.524
23,15,0.5167
23,16,0.5119
24,1,0
24,2,0
24,3,0
24,4,0.0759
24,5,0.2912
24,6,0.6198
24,7,0.8701
24,8,0.9798
24,9,1
24,10,0.9782
24,11,0.9465
24,12,0.9157
24,13,0.8887
24,14,0.8671
24,15,0.8503
24,16,0.8384
25,1,0.0958
25,2,0.2775
25,3,0.9906
25,4,1
25,5,0.8332
25,6,0.6552
25,7,0.5526
25,8,0.4979
25,9,0.4708
25,10,0.4548
25,11,0.4474
25,12,0.444
25,13,0.4415
25,14,0.4401
25,15,0.439
25,16,0.4396
26,1,0.0412
26,2,0.5927
26,3,1
26,4,0.7136
26,5,0.373
26,6,0.237
26,7,0.18
26,8,0.1527
26,9,0.1389
26,10,0.1305
26,11,0.1259
26,12,0.1231
26,13,0.1211
26,14,0.1198
26,15,0.1187
26,16,0.1181
27,1,0.0114
27,2,0.1443
27,3,1
27,4,0.9236
27,5,0.5902
27,6,0.3545
27,7,0.2412
27,8,0.1848
27,9,0.1548
27,10,0.1366
27,11,0.1256
27,12,0.1185
27,13,0.1136
27,14,0.1102
27,15,0.1076
27,16,0.1059
28,1,0
28,2,0
28,3,0
28,4,0.9027
28,5,1
28,6,0.9642
28,7,0.8917
28,8,0.8232
28,9,0.7707
28,10,0.7296
28,11,0.7006
28,12,0.6796
28,13,0.6638
28,14,0.6523
28,15,0.6432
28,16,0.6372
29,1,0.0278
29,2,0.2758
29,3,1
29,4,0.935
29,5,0.6802
29,6,0.4758
29,7,0.3613
29,8,0.2973
29,9,0.2606
29,10,0.2369
29,11,0.2222
29,12,0.2124
29,13,0.2055
29,14,0.2006
29,15,0.1969
29,16,0.1944
30,1,0.034
30,2,0.7172
30,3,1
30,4,0.6799
30,5,0.33
30,6,0.1996
30,7,0.1461
30,8,0.1204
30,9,0.107
30,10,0.0988
30,11,0.094
30,12,0.0908
30,13,0.0887
30,14,0.0872
30,15,0.086
30,16,0.0852
31,1,0.0194
31,2,0.153
31,3,0.8404
31,4,1
31,5,0.9976
31,6,0.7554
31,7,0.5526
31,8,0.4225
31,9,0.3432
31,10,0.2927
31,11,0.2605
31,12,0.239
31,13,0.2243
31,14,0.214
31,15,0.2064
31,16,0.2011
32,1,0
32,2,0
32,3,0
32,4,0.3859
32,5,0.8135
32,6,1
32,7,0.959
32,8,0.8492
32,9,0.7469
32,10,0.6669
32,11,0.609
32,12,0.5674
32,13,0.5375
32,14,0.5159
32,15,0.5002
32,16,0.4889
33,1,0.1104
33,2,1
33,3,0.8235
33,4,0.5653
33,5,0.3134
33,6,0.2254
33,7,0.1901
33,8,0.1741
33,9,0.1672
33,10,0.1634
33,11,0.1622
33,12,0.1619
33,13,0.1618
33,14,0.1619
33,15,0.1617
33,16,0.162
34,1,0.1558
34,2,1
34,3,0.9503
34,4,0.6494
34,5,0.3639
34,6,0.2671
34,7,0.2289
34,8,0.2119
34,9,0.205
34,10,0.2013
34,11,0.2005
34,12,0.2008
34,13,0.201
34,14,0.2013
34,15,0.2013
34,16,0.2021
35,1,0.1456
35,2,0.7805
35,3,1
35,4,0.8807
35,5,0.6752
35,6,0.5499
35,7,0.4801
35,8,0.4398
35,9,0.4173
35,10,0.4018
35,11,0.3928
35,12,0.387
35,13,0.3827
35,14,0.3797
35,15,0.3771
35,16,0.3758
36,1,0.0779
36,2,0.4162
36,3,0.9913
36,4,1
36,5,0.8974
36,6,0.7598
36,7,0.6598
36,8,0.5934
36,9,0.5516
36,10,0.5219
36,11,0.5029
36,12,0.4898
36,13,0.4801
36,14,0.4732
36,15,0.4677
36,16,0.4643
37,1,0.8626
37,2,1
37,3,0.1862
37,4,0.1499
37,5,0.1129
37,6,0.0966
37,7,0.086
37,8,0.0786
37,9,0.0736
37,10,0.07
37,11,0.0675
37,12,0.0658
37,13,0.0646
37,14,0.0637
37,15,0.063
37,16,0.0624
38,1,0.1158
38,2,0.2974
38,3,0.9615
38,4,1
38,5,0.894
38,6,0.7435
38,7,0.65
38,8,0.5987
38,9,0.574
38,10,0.5595
38,11,0.5536
38,12,0.5514
38,13,0.5498
38,14,0.5491
38,15,0.5485
38,16,0.5497
39,1,0.0033
39,2,0.1149
39,3,1
39,4,0.8878
39,5,0.4676
39,6,0.2165
39,7,0.1161
39,8,0.0735
39,9,0.0533
39,10,0.0423
39,11,0.036
39,12,0.032
39,13,0.0294
39,14,0.0277
39,15,0.0264
39,16,0.0256
40,1,0.0389
40,2,0.3821
40,3,1
40,4,0.7789
40,5,0.4453
40,6,0.2886
40,7,0.2198
40,8,0.1867
40,9,0.17
40,10,0.16
40,11,0.1546
40,12,0.1514
40,13,0.1492
40,14,0.1477
40,15,0.1465
40,16,0.146
41,1,0.0115
41,2,0.1273
41,3,1
41,4,0.9978
41,5,0.7101
41,6,0.4451
41,7,0.3059
41,8,0.2337
41,9,0.1943
41,10,0.1703
41,11,0.1556
41,12,0.146
41,13,0.1394
41,14,0.1348
41,15,0.1313
41,16,0.129
42,1,0.0288
42,2,0.1628
42,3,0.7492
42,4,0.9089
42,5,1
42,6,0.8585
42,7,0.7002
42,8,0.5818
42,9,0.5021
42,10,0.4472
42,11,0.4106
42,12,0.3853
42,13,0.3674
42,14,0.3547
42,15,0.3451
42,16,0.3384
